2026-03-10 20:28:08,552 - WiFiDetector - ERROR - [CRITICAL] EVIL_TWIN_DETECTED: CRITICAL: Unauthorized ROGUE-SIMULATOR device hijacking whitelisted SSID 'HENG_2.4GHz'. (SSID: HENG_2.4GHz, MAC: deadbeefff01)
2026-03-10 20:28:13,612 - WiFiDetector - ERROR - [CRITICAL] EVIL_TWIN_DETECTED: CRITICAL: Unauthorized ROGUE-SIMULATOR device hijacking whitelisted SSID 'HENG_2.4GHz'. (SSID: HENG_2.4GHz, MAC: deadbeefff01)
2026-03-10 20:28:18,674 - WiFiDetector - ERROR - [CRITICAL] EVIL_TWIN_DETECTED: CRITICAL: Unauthorized ROGUE-SIMULATOR device hijacking whitelisted SSID 'HENG_2.4GHz'. (SSID: HENG_2.4GHz, MAC: deadbeefff01)
2026-03-10 20:28:23,737 - WiFiDetector - ERROR - [CRITICAL] EVIL_TWIN_DETECTED: CRITICAL: Unauthorized ROGUE-SIMULATOR device hijacking whitelisted SSID 'HENG_2.4GHz'. (SSID: HENG_2.4GHz, MAC: deadbeefff01)
2026-03-10 20:28:28,799 - WiFiDetector - ERROR - [CRITICAL] EVIL_TWIN_DETECTED: CRITICAL: Unauthorized ROGUE-SIMULATOR device hijacking whitelisted SSID 'HENG_2.4GHz'. (SSID: HENG_2.4GHz, MAC: deadbeefff01)
2026-03-10 20:28:33,860 - WiFiDetector - ERROR - [CRITICAL] EVIL_TWIN_DETECTED: CRITICAL: Unauthorized ROGUE-SIMULATOR device hijacking whitelisted SSID 'HENG_2.4GHz'. (SSID: HENG_2.4GHz, MAC: deadbeefff01)
2026-03-10 20:28:38,921 - WiFiDetector - ERROR - [CRITICAL] EVIL_TWIN_DETECTED: CRITICAL: Unauthorized ROGUE-SIMULATOR device hijacking whitelisted SSID 'HENG_2.4GHz'. (SSID: HENG_2.4GHz, MAC: deadbeefff01)
2026-03-10 20:28:43,985 - WiFiDetector - ERROR - [CRITICAL] EVIL_TWIN_DETECTED: CRITICAL: Unauthorized ROGUE-SIMULATOR device hijacking whitelisted SSID 'HENG_2.4GHz'. (SSID: HENG_2.4GHz, MAC: deadbeefff01)
2026-03-10 20:28:49,047 - WiFiDetector - ERROR - [CRITICAL] EVIL_TWIN_DETECTED: CRITICAL: Unauthorized ROGUE-SIMULATOR device hijacking whitelisted SSID 'HENG_2.4GHz'. (SSID: HENG_2.4GHz, MAC: deadbeefff01)
2026-03-10 20:28:54,110 - WiFiDetector - ERROR - [CRITICAL] EVIL_TWIN_DETECTED: CRITICAL: Unauthorized ROGUE-SIMULATOR device hijacking whitelisted SSID 'HENG_2.4GHz'. (SSID: HENG_2.4GHz, MAC: deadbeefff01)
2026-03-10 20:28:59,196 - WiFiDetector - ERROR - [CRITICAL] EVIL_TWIN_DETECTED: CRITICAL: Unauthorized ROGUE-SIMULATOR device hijacking whitelisted SSID 'HENG_2.4GHz'. (SSID: HENG_2.4GHz, MAC: deadbeefff01)
2026-03-10 20:29:04,282 - WiFiDetector - ERROR - [CRITICAL] EVIL_TWIN_DETECTED: CRITICAL: Unauthorized ROGUE-SIMULATOR device hijacking whitelisted SSID 'HENG_2.4GHz'. (SSID: HENG_2.4GHz, MAC: deadbeefff01)
2026-03-10 20:29:09,585 - WiFiDetector - ERROR - [CRITICAL] EVIL_TWIN_DETECTED: CRITICAL: Unauthorized ROGUE-SIMULATOR device hijacking whitelisted SSID 'HENG_2.4GHz'. (SSID: HENG_2.4GHz, MAC: deadbeefff01)
2026-03-10 20:29:14,678 - WiFiDetector - ERROR - [CRITICAL] EVIL_TWIN_DETECTED: CRITICAL: Unauthorized ROGUE-SIMULATOR device hijacking whitelisted SSID 'HENG_2.4GHz'. (SSID: HENG_2.4GHz, MAC: deadbeefff01)
2026-03-10 20:29:19,844 - WiFiDetector - ERROR - [CRITICAL] EVIL_TWIN_DETECTED: CRITICAL: Unauthorized ROGUE-SIMULATOR device hijacking whitelisted SSID 'HENG_2.4GHz'. (SSID: HENG_2.4GHz, MAC: deadbeefff01)
2026-03-10 20:29:24,935 - WiFiDetector - ERROR - [CRITICAL] EVIL_TWIN_DETECTED: CRITICAL: Unauthorized ROGUE-SIMULATOR device hijacking whitelisted SSID 'HENG_2.4GHz'. (SSID: HENG_2.4GHz, MAC: deadbeefff01)
2026-03-10 20:29:30,026 - WiFiDetector - ERROR - [CRITICAL] EVIL_TWIN_DETECTED: CRITICAL: Unauthorized ROGUE-SIMULATOR device hijacking whitelisted SSID 'HENG_2.4GHz'. (SSID: HENG_2.4GHz, MAC: deadbeefff01)
2026-03-10 20:29:35,115 - WiFiDetector - ERROR - [CRITICAL] EVIL_TWIN_DETECTED: CRITICAL: Unauthorized ROGUE-SIMULATOR device hijacking whitelisted SSID 'HENG_2.4GHz'. (SSID: HENG_2.4GHz, MAC: deadbeefff01)
2026-03-10 20:29:40,204 - WiFiDetector - ERROR - [CRITICAL] EVIL_TWIN_DETECTED: CRITICAL: Unauthorized ROGUE-SIMULATOR device hijacking whitelisted SSID 'HENG_2.4GHz'. (SSID: HENG_2.4GHz, MAC: deadbeefff01)
2026-03-10 20:29:45,292 - WiFiDetector - ERROR - [CRITICAL] EVIL_TWIN_DETECTED: CRITICAL: Unauthorized ROGUE-SIMULATOR device hijacking whitelisted SSID 'HENG_2.4GHz'. (SSID: HENG_2.4GHz, MAC: deadbeefff01)
2026-03-10 20:29:47,694 - WiFiDetector - INFO - System Shutdown.
2026-03-10 20:29:50,385 - WiFiDetector - ERROR - [CRITICAL] EVIL_TWIN_DETECTED: CRITICAL: Unauthorized ROGUE-SIMULATOR device hijacking whitelisted SSID 'HENG_2.4GHz'. (SSID: HENG_2.4GHz, MAC: deadbeefff01)
2026-03-10 20:29:55,478 - WiFiDetector - ERROR - [CRITICAL] EVIL_TWIN_DETECTED: CRITICAL: Unauthorized ROGUE-SIMULATOR device hijacking whitelisted SSID 'HENG_2.4GHz'. (SSID: HENG_2.4GHz, MAC: deadbeefff01)
2026-03-10 20:29:57,660 - WiFiDetector - INFO - Universal Cyber SOC Monitor started.
2026-03-10 20:30:00,561 - WiFiDetector - ERROR - [CRITICAL] EVIL_TWIN_DETECTED: CRITICAL: Unauthorized ROGUE-SIMULATOR device hijacking whitelisted SSID 'HENG_2.4GHz'. (SSID: HENG_2.4GHz, MAC: deadbeefff01)
2026-03-10 20:30:05,712 - WiFiDetector - ERROR - [CRITICAL] EVIL_TWIN_DETECTED: CRITICAL: Unauthorized ROGUE-SIMULATOR device hijacking whitelisted SSID 'HENG_2.4GHz'. (SSID: HENG_2.4GHz, MAC: deadbeefff01)
2026-03-10 20:30:10,820 - WiFiDetector - ERROR - [CRITICAL] EVIL_TWIN_DETECTED: CRITICAL: Unauthorized ROGUE-SIMULATOR device hijacking whitelisted SSID 'HENG_2.4GHz'. (SSID: HENG_2.4GHz, MAC: deadbeefff01)
2026-03-10 20:30:15,909 - WiFiDetector - ERROR - [CRITICAL] EVIL_TWIN_DETECTED: CRITICAL: Unauthorized ROGUE-SIMULATOR device hijacking whitelisted SSID 'HENG_2.4GHz'. (SSID: HENG_2.4GHz, MAC: deadbeefff01)
2026-03-10 20:30:18,131 - WiFiDetector - INFO - BruteForce: Testing '12345678' on 'FLKZ test'
2026-03-10 20:30:20,161 - WiFiDetector - INFO - BruteForce: Testing 'password' on 'FLKZ test'
2026-03-10 20:30:22,089 - WiFiDetector - ERROR - [CRITICAL] EVIL_TWIN_DETECTED: CRITICAL: Unauthorized ROGUE-SIMULATOR device hijacking whitelisted SSID 'HENG_2.4GHz'. (SSID: HENG_2.4GHz, MAC: deadbeefff01)
2026-03-10 20:30:23,583 - WiFiDetector - INFO - BruteForce: Testing 'admin123' on 'FLKZ test'
2026-03-10 20:30:26,619 - WiFiDetector - INFO - BruteForce: Testing 'qwertyui' on 'FLKZ test'
2026-03-10 20:30:33,732 - WiFiDetector - ERROR - [CRITICAL] EVIL_TWIN_DETECTED: CRITICAL: Unauthorized ROGUE-SIMULATOR device hijacking whitelisted SSID 'HENG_2.4GHz'. (SSID: HENG_2.4GHz, MAC: deadbeefff01)
2026-03-10 20:30:35,197 - WiFiDetector - INFO - BruteForce: Testing '88888888' on 'FLKZ test'
2026-03-10 20:30:43,104 - WiFiDetector - ERROR - [CRITICAL] EVIL_TWIN_DETECTED: CRITICAL: Unauthorized ROGUE-SIMULATOR device hijacking whitelisted SSID 'HENG_2.4GHz'. (SSID: HENG_2.4GHz, MAC: deadbeefff01)
2026-03-10 20:30:44,598 - WiFiDetector - INFO - BruteForce: Testing '21062668' on 'FLKZ test'
2026-03-10 20:30:51,894 - WiFiDetector - ERROR - [CRITICAL] EVIL_TWIN_DETECTED: CRITICAL: Unauthorized ROGUE-SIMULATOR device hijacking whitelisted SSID 'HENG_2.4GHz'. (SSID: HENG_2.4GHz, MAC: deadbeefff01)
2026-03-10 20:30:53,319 - WiFiDetector - INFO - BruteForce: Testing 'djldfxyp' on 'FLKZ test'
2026-03-10 20:31:00,307 - WiFiDetector - ERROR - [CRITICAL] EVIL_TWIN_DETECTED: CRITICAL: Unauthorized ROGUE-SIMULATOR device hijacking whitelisted SSID 'HENG_2.4GHz'. (SSID: HENG_2.4GHz, MAC: deadbeefff01)
2026-03-10 20:31:01,739 - WiFiDetector - INFO - BruteForce: Testing 'URLIASEC' on 'FLKZ test'
2026-03-10 20:31:11,768 - WiFiDetector - ERROR - [CRITICAL] EVIL_TWIN_DETECTED: CRITICAL: Unauthorized ROGUE-SIMULATOR device hijacking whitelisted SSID 'HENG_2.4GHz'. (SSID: HENG_2.4GHz, MAC: deadbeefff01)
2026-03-10 20:31:13,255 - WiFiDetector - INFO - BruteForce: Testing '3RJnF7Gn' on 'FLKZ test'
2026-03-10 20:31:23,588 - WiFiDetector - ERROR - [CRITICAL] EVIL_TWIN_DETECTED: CRITICAL: Unauthorized ROGUE-SIMULATOR device hijacking whitelisted SSID 'HENG_2.4GHz'. (SSID: HENG_2.4GHz, MAC: deadbeefff01)
2026-03-10 20:31:25,099 - WiFiDetector - INFO - BruteForce: Testing 'WiFi2262' on 'FLKZ test'
2026-03-10 20:31:34,858 - WiFiDetector - ERROR - [CRITICAL] EVIL_TWIN_DETECTED: CRITICAL: Unauthorized ROGUE-SIMULATOR device hijacking whitelisted SSID 'HENG_2.4GHz'. (SSID: HENG_2.4GHz, MAC: deadbeefff01)
2026-03-10 20:31:36,340 - WiFiDetector - INFO - BruteForce: Testing '1791199474' on 'FLKZ test'
2026-03-10 20:31:46,395 - WiFiDetector - ERROR - [CRITICAL] EVIL_TWIN_DETECTED: CRITICAL: Unauthorized ROGUE-SIMULATOR device hijacking whitelisted SSID 'HENG_2.4GHz'. (SSID: HENG_2.4GHz, MAC: deadbeefff01)
2026-03-10 20:31:51,960 - WiFiDetector - ERROR - [CRITICAL] EVIL_TWIN_DETECTED: CRITICAL: Unauthorized ROGUE-SIMULATOR device hijacking whitelisted SSID 'HENG_2.4GHz'. (SSID: HENG_2.4GHz, MAC: deadbeefff01)
2026-03-10 20:31:57,918 - WiFiDetector - ERROR - [CRITICAL] EVIL_TWIN_DETECTED: CRITICAL: Unauthorized ROGUE-SIMULATOR device hijacking whitelisted SSID 'HENG_2.4GHz'. (SSID: HENG_2.4GHz, MAC: deadbeefff01)
2026-03-10 20:32:03,225 - WiFiDetector - ERROR - [CRITICAL] EVIL_TWIN_DETECTED: CRITICAL: Unauthorized ROGUE-SIMULATOR device hijacking whitelisted SSID 'HENG_2.4GHz'. (SSID: HENG_2.4GHz, MAC: deadbeefff01)
2026-03-10 20:32:08,425 - WiFiDetector - ERROR - [CRITICAL] EVIL_TWIN_DETECTED: CRITICAL: Unauthorized ROGUE-SIMULATOR device hijacking whitelisted SSID 'HENG_2.4GHz'. (SSID: HENG_2.4GHz, MAC: deadbeefff01)
2026-03-10 20:32:13,713 - WiFiDetector - ERROR - [CRITICAL] EVIL_TWIN_DETECTED: CRITICAL: Unauthorized ROGUE-SIMULATOR device hijacking whitelisted SSID 'HENG_2.4GHz'. (SSID: HENG_2.4GHz, MAC: deadbeefff01)
2026-03-10 20:32:19,306 - WiFiDetector - ERROR - [CRITICAL] EVIL_TWIN_DETECTED: CRITICAL: Unauthorized ROGUE-SIMULATOR device hijacking whitelisted SSID 'HENG_2.4GHz'. (SSID: HENG_2.4GHz, MAC: deadbeefff01)
2026-03-10 20:32:24,420 - WiFiDetector - ERROR - [CRITICAL] EVIL_TWIN_DETECTED: CRITICAL: Unauthorized ROGUE-SIMULATOR device hijacking whitelisted SSID 'HENG_2.4GHz'. (SSID: HENG_2.4GHz, MAC: deadbeefff01)
2026-03-10 20:32:29,584 - WiFiDetector - ERROR - [CRITICAL] EVIL_TWIN_DETECTED: CRITICAL: Unauthorized ROGUE-SIMULATOR device hijacking whitelisted SSID 'HENG_2.4GHz'. (SSID: HENG_2.4GHz, MAC: deadbeefff01)
2026-03-10 20:32:34,687 - WiFiDetector - ERROR - [CRITICAL] EVIL_TWIN_DETECTED: CRITICAL: Unauthorized ROGUE-SIMULATOR device hijacking whitelisted SSID 'HENG_2.4GHz'. (SSID: HENG_2.4GHz, MAC: deadbeefff01)
2026-03-10 20:32:39,842 - WiFiDetector - ERROR - [CRITICAL] EVIL_TWIN_DETECTED: CRITICAL: Unauthorized ROGUE-SIMULATOR device hijacking whitelisted SSID 'HENG_2.4GHz'. (SSID: HENG_2.4GHz, MAC: deadbeefff01)
2026-03-10 20:32:45,197 - WiFiDetector - ERROR - [CRITICAL] EVIL_TWIN_DETECTED: CRITICAL: Unauthorized ROGUE-SIMULATOR device hijacking whitelisted SSID 'HENG_2.4GHz'. (SSID: HENG_2.4GHz, MAC: deadbeefff01)
2026-03-10 20:32:50,556 - WiFiDetector - ERROR - [CRITICAL] EVIL_TWIN_DETECTED: CRITICAL: Unauthorized ROGUE-SIMULATOR device hijacking whitelisted SSID 'HENG_2.4GHz'. (SSID: HENG_2.4GHz, MAC: deadbeefff01)
2026-03-10 20:32:55,708 - WiFiDetector - ERROR - [CRITICAL] EVIL_TWIN_DETECTED: CRITICAL: Unauthorized ROGUE-SIMULATOR device hijacking whitelisted SSID 'HENG_2.4GHz'. (SSID: HENG_2.4GHz, MAC: deadbeefff01)
2026-03-10 20:33:00,810 - WiFiDetector - ERROR - [CRITICAL] EVIL_TWIN_DETECTED: CRITICAL: Unauthorized ROGUE-SIMULATOR device hijacking whitelisted SSID 'HENG_2.4GHz'. (SSID: HENG_2.4GHz, MAC: deadbeefff01)
2026-03-10 20:33:05,948 - WiFiDetector - ERROR - [CRITICAL] EVIL_TWIN_DETECTED: CRITICAL: Unauthorized ROGUE-SIMULATOR device hijacking whitelisted SSID 'HENG_2.4GHz'. (SSID: HENG_2.4GHz, MAC: deadbeefff01)
2026-03-10 20:33:11,035 - WiFiDetector - ERROR - [CRITICAL] EVIL_TWIN_DETECTED: CRITICAL: Unauthorized ROGUE-SIMULATOR device hijacking whitelisted SSID 'HENG_2.4GHz'. (SSID: HENG_2.4GHz, MAC: deadbeefff01)
2026-03-10 20:33:16,126 - WiFiDetector - ERROR - [CRITICAL] EVIL_TWIN_DETECTED: CRITICAL: Unauthorized ROGUE-SIMULATOR device hijacking whitelisted SSID 'HENG_2.4GHz'. (SSID: HENG_2.4GHz, MAC: deadbeefff01)
2026-03-10 20:33:21,219 - WiFiDetector - ERROR - [CRITICAL] EVIL_TWIN_DETECTED: CRITICAL: Unauthorized ROGUE-SIMULATOR device hijacking whitelisted SSID 'HENG_2.4GHz'. (SSID: HENG_2.4GHz, MAC: deadbeefff01)
2026-03-10 20:33:26,309 - WiFiDetector - ERROR - [CRITICAL] EVIL_TWIN_DETECTED: CRITICAL: Unauthorized ROGUE-SIMULATOR device hijacking whitelisted SSID 'HENG_2.4GHz'. (SSID: HENG_2.4GHz, MAC: deadbeefff01)
2026-03-10 20:33:31,427 - WiFiDetector - ERROR - [CRITICAL] EVIL_TWIN_DETECTED: CRITICAL: Unauthorized ROGUE-SIMULATOR device hijacking whitelisted SSID 'HENG_2.4GHz'. (SSID: HENG_2.4GHz, MAC: deadbeefff01)
2026-03-10 20:33:36,519 - WiFiDetector - ERROR - [CRITICAL] EVIL_TWIN_DETECTED: CRITICAL: Unauthorized ROGUE-SIMULATOR device hijacking whitelisted SSID 'HENG_2.4GHz'. (SSID: HENG_2.4GHz, MAC: deadbeefff01)
2026-03-10 20:33:41,621 - WiFiDetector - ERROR - [CRITICAL] EVIL_TWIN_DETECTED: CRITICAL: Unauthorized ROGUE-SIMULATOR device hijacking whitelisted SSID 'HENG_2.4GHz'. (SSID: HENG_2.4GHz, MAC: deadbeefff01)
2026-03-10 20:33:46,710 - WiFiDetector - ERROR - [CRITICAL] EVIL_TWIN_DETECTED: CRITICAL: Unauthorized ROGUE-SIMULATOR device hijacking whitelisted SSID 'HENG_2.4GHz'. (SSID: HENG_2.4GHz, MAC: deadbeefff01)
2026-03-10 20:33:50,898 - WiFiDetector - INFO - System Shutdown.
2026-03-10 20:33:51,804 - WiFiDetector - ERROR - [CRITICAL] EVIL_TWIN_DETECTED: CRITICAL: Unauthorized ROGUE-SIMULATOR device hijacking whitelisted SSID 'HENG_2.4GHz'. (SSID: HENG_2.4GHz, MAC: deadbeefff01)
2026-03-10 20:33:52,822 - WiFiDetector - INFO - Universal Cyber SOC Monitor started.
2026-03-10 20:33:56,899 - WiFiDetector - ERROR - [CRITICAL] EVIL_TWIN_DETECTED: CRITICAL: Unauthorized ROGUE-SIMULATOR device hijacking whitelisted SSID 'HENG_2.4GHz'. (SSID: HENG_2.4GHz, MAC: deadbeefff01)
2026-03-10 20:34:01,996 - WiFiDetector - ERROR - [CRITICAL] EVIL_TWIN_DETECTED: CRITICAL: Unauthorized ROGUE-SIMULATOR device hijacking whitelisted SSID 'HENG_2.4GHz'. (SSID: HENG_2.4GHz, MAC: deadbeefff01)
2026-03-10 20:34:07,093 - WiFiDetector - ERROR - [CRITICAL] EVIL_TWIN_DETECTED: CRITICAL: Unauthorized ROGUE-SIMULATOR device hijacking whitelisted SSID 'HENG_2.4GHz'. (SSID: HENG_2.4GHz, MAC: deadbeefff01)
2026-03-10 20:34:12,185 - WiFiDetector - ERROR - [CRITICAL] EVIL_TWIN_DETECTED: CRITICAL: Unauthorized ROGUE-SIMULATOR device hijacking whitelisted SSID 'HENG_2.4GHz'. (SSID: HENG_2.4GHz, MAC: deadbeefff01)
2026-03-10 20:34:17,276 - WiFiDetector - ERROR - [CRITICAL] EVIL_TWIN_DETECTED: CRITICAL: Unauthorized ROGUE-SIMULATOR device hijacking whitelisted SSID 'HENG_2.4GHz'. (SSID: HENG_2.4GHz, MAC: deadbeefff01)
2026-03-10 20:34:22,371 - WiFiDetector - ERROR - [CRITICAL] EVIL_TWIN_DETECTED: CRITICAL: Unauthorized ROGUE-SIMULATOR device hijacking whitelisted SSID 'HENG_2.4GHz'. (SSID: HENG_2.4GHz, MAC: deadbeefff01)
2026-03-10 20:34:27,459 - WiFiDetector - ERROR - [CRITICAL] EVIL_TWIN_DETECTED: CRITICAL: Unauthorized ROGUE-SIMULATOR device hijacking whitelisted SSID 'HENG_2.4GHz'. (SSID: HENG_2.4GHz, MAC: deadbeefff01)
2026-03-10 20:34:32,550 - WiFiDetector - ERROR - [CRITICAL] EVIL_TWIN_DETECTED: CRITICAL: Unauthorized ROGUE-SIMULATOR device hijacking whitelisted SSID 'HENG_2.4GHz'. (SSID: HENG_2.4GHz, MAC: deadbeefff01)
2026-03-10 20:34:37,658 - WiFiDetector - ERROR - [CRITICAL] EVIL_TWIN_DETECTED: CRITICAL: Unauthorized ROGUE-SIMULATOR device hijacking whitelisted SSID 'HENG_2.4GHz'. (SSID: HENG_2.4GHz, MAC: deadbeefff01)
2026-03-10 20:34:42,753 - WiFiDetector - ERROR - [CRITICAL] EVIL_TWIN_DETECTED: CRITICAL: Unauthorized ROGUE-SIMULATOR device hijacking whitelisted SSID 'HENG_2.4GHz'. (SSID: HENG_2.4GHz, MAC: deadbeefff01)
2026-03-10 20:34:47,843 - WiFiDetector - ERROR - [CRITICAL] EVIL_TWIN_DETECTED: CRITICAL: Unauthorized ROGUE-SIMULATOR device hijacking whitelisted SSID 'HENG_2.4GHz'. (SSID: HENG_2.4GHz, MAC: deadbeefff01)
2026-03-10 20:34:52,943 - WiFiDetector - ERROR - [CRITICAL] EVIL_TWIN_DETECTED: CRITICAL: Unauthorized ROGUE-SIMULATOR device hijacking whitelisted SSID 'HENG_2.4GHz'. (SSID: HENG_2.4GHz, MAC: deadbeefff01)
2026-03-10 20:34:58,032 - WiFiDetector - ERROR - [CRITICAL] EVIL_TWIN_DETECTED: CRITICAL: Unauthorized ROGUE-SIMULATOR device hijacking whitelisted SSID 'HENG_2.4GHz'. (SSID: HENG_2.4GHz, MAC: deadbeefff01)
2026-03-10 20:35:03,119 - WiFiDetector - ERROR - [CRITICAL] EVIL_TWIN_DETECTED: CRITICAL: Unauthorized ROGUE-SIMULATOR device hijacking whitelisted SSID 'HENG_2.4GHz'. (SSID: HENG_2.4GHz, MAC: deadbeefff01)
2026-03-10 20:35:07,146 - WiFiDetector - INFO - BruteForce: Testing '12345678' on 'FLKZ test'
2026-03-10 20:35:08,225 - WiFiDetector - ERROR - [CRITICAL] EVIL_TWIN_DETECTED: CRITICAL: Unauthorized ROGUE-SIMULATOR device hijacking whitelisted SSID 'HENG_2.4GHz'. (SSID: HENG_2.4GHz, MAC: deadbeefff01)
2026-03-10 20:35:09,160 - WiFiDetector - INFO - BruteForce: Testing 'password' on 'FLKZ test'
2026-03-10 20:35:12,467 - WiFiDetector - INFO - BruteForce: Testing 'admin123' on 'FLKZ test'
2026-03-10 20:35:14,299 - WiFiDetector - ERROR - [CRITICAL] EVIL_TWIN_DETECTED: CRITICAL: Unauthorized ROGUE-SIMULATOR device hijacking whitelisted SSID 'HENG_2.4GHz'. (SSID: HENG_2.4GHz, MAC: deadbeefff01)
2026-03-10 20:35:15,760 - WiFiDetector - INFO - BruteForce: Testing 'qwertyui' on 'FLKZ test'
2026-03-10 20:35:23,651 - WiFiDetector - ERROR - [CRITICAL] EVIL_TWIN_DETECTED: CRITICAL: Unauthorized ROGUE-SIMULATOR device hijacking whitelisted SSID 'HENG_2.4GHz'. (SSID: HENG_2.4GHz, MAC: deadbeefff01)
2026-03-10 20:35:25,147 - WiFiDetector - INFO - BruteForce: Testing '88888888' on 'FLKZ test'
2026-03-10 20:35:32,702 - WiFiDetector - ERROR - [CRITICAL] EVIL_TWIN_DETECTED: CRITICAL: Unauthorized ROGUE-SIMULATOR device hijacking whitelisted SSID 'HENG_2.4GHz'. (SSID: HENG_2.4GHz, MAC: deadbeefff01)
2026-03-10 20:35:34,199 - WiFiDetector - INFO - BruteForce: Testing '21062668' on 'FLKZ test'
2026-03-10 20:35:42,260 - WiFiDetector - ERROR - [CRITICAL] EVIL_TWIN_DETECTED: CRITICAL: Unauthorized ROGUE-SIMULATOR device hijacking whitelisted SSID 'HENG_2.4GHz'. (SSID: HENG_2.4GHz, MAC: deadbeefff01)
2026-03-10 20:35:43,755 - WiFiDetector - INFO - BruteForce: Testing 'djldfxyp' on 'FLKZ test'
2026-03-10 20:35:51,727 - WiFiDetector - ERROR - [CRITICAL] EVIL_TWIN_DETECTED: CRITICAL: Unauthorized ROGUE-SIMULATOR device hijacking whitelisted SSID 'HENG_2.4GHz'. (SSID: HENG_2.4GHz, MAC: deadbeefff01)
2026-03-10 20:35:53,150 - WiFiDetector - INFO - BruteForce: Testing 'URLIASEC' on 'FLKZ test'
2026-03-10 20:36:00,754 - WiFiDetector - ERROR - [CRITICAL] EVIL_TWIN_DETECTED: CRITICAL: Unauthorized ROGUE-SIMULATOR device hijacking whitelisted SSID 'HENG_2.4GHz'. (SSID: HENG_2.4GHz, MAC: deadbeefff01)
2026-03-10 20:36:02,246 - WiFiDetector - INFO - BruteForce: Testing '3RJnF7Gn' on 'FLKZ test'
2026-03-10 20:36:10,247 - WiFiDetector - ERROR - [CRITICAL] EVIL_TWIN_DETECTED: CRITICAL: Unauthorized ROGUE-SIMULATOR device hijacking whitelisted SSID 'HENG_2.4GHz'. (SSID: HENG_2.4GHz, MAC: deadbeefff01)
2026-03-10 20:36:11,738 - WiFiDetector - INFO - BruteForce: Testing 'WiFi2262' on 'FLKZ test'
2026-03-10 20:36:17,522 - WiFiDetector - ERROR - [CRITICAL] EVIL_TWIN_DETECTED: CRITICAL: Unauthorized ROGUE-SIMULATOR device hijacking whitelisted SSID 'HENG_2.4GHz'. (SSID: HENG_2.4GHz, MAC: deadbeefff01)
2026-03-10 20:36:19,017 - WiFiDetector - INFO - BruteForce: Testing '1791199474' on 'FLKZ test'
2026-03-10 21:32:39,554 - WiFiDetector - INFO - Universal Cyber SOC Monitor started.
2026-03-10 21:34:11,367 - WiFiDetector - INFO - System Shutdown.
2026-03-10 21:34:27,266 - WiFiDetector - INFO - Universal Cyber SOC Monitor started.
2026-03-10 22:11:00,559 - WiFiDetector - ERROR - [CRITICAL] EVIL_TWIN_DETECTED: CRITICAL: Unauthorized Generic Vendor device hijacking whitelisted SSID 'HENG_2.4GHz'. (SSID: HENG_2.4GHz, MAC: 165fec30a197)
2026-03-10 22:11:20,647 - WiFiDetector - ERROR - [CRITICAL] EVIL_TWIN_DETECTED: CRITICAL: Unauthorized Generic Vendor device hijacking whitelisted SSID 'HENG_2.4GHz'. (SSID: HENG_2.4GHz, MAC: 165fec30a197)
2026-03-10 22:11:40,734 - WiFiDetector - ERROR - [CRITICAL] EVIL_TWIN_DETECTED: CRITICAL: Unauthorized Generic Vendor device hijacking whitelisted SSID 'HENG_2.4GHz'. (SSID: HENG_2.4GHz, MAC: 165fec30a197)
2026-03-10 22:12:00,811 - WiFiDetector - ERROR - [CRITICAL] EVIL_TWIN_DETECTED: CRITICAL: Unauthorized Generic Vendor device hijacking whitelisted SSID 'HENG_2.4GHz'. (SSID: HENG_2.4GHz, MAC: 165fec30a197)
2026-03-10 22:12:20,891 - WiFiDetector - ERROR - [CRITICAL] EVIL_TWIN_DETECTED: CRITICAL: Unauthorized Generic Vendor device hijacking whitelisted SSID 'HENG_2.4GHz'. (SSID: HENG_2.4GHz, MAC: 165fec30a197)
2026-03-10 22:12:40,973 - WiFiDetector - ERROR - [CRITICAL] EVIL_TWIN_DETECTED: CRITICAL: Unauthorized Generic Vendor device hijacking whitelisted SSID 'HENG_2.4GHz'. (SSID: HENG_2.4GHz, MAC: 165fec30a197)
2026-03-10 22:13:01,066 - WiFiDetector - ERROR - [CRITICAL] EVIL_TWIN_DETECTED: CRITICAL: Unauthorized Generic Vendor device hijacking whitelisted SSID 'HENG_2.4GHz'. (SSID: HENG_2.4GHz, MAC: 165fec30a197)
2026-03-10 22:13:21,157 - WiFiDetector - ERROR - [CRITICAL] EVIL_TWIN_DETECTED: CRITICAL: Unauthorized Generic Vendor device hijacking whitelisted SSID 'HENG_2.4GHz'. (SSID: HENG_2.4GHz, MAC: 165fec30a197)
2026-03-10 22:13:41,245 - WiFiDetector - ERROR - [CRITICAL] EVIL_TWIN_DETECTED: CRITICAL: Unauthorized Generic Vendor device hijacking whitelisted SSID 'HENG_2.4GHz'. (SSID: HENG_2.4GHz, MAC: 165fec30a197)
2026-03-10 22:14:01,331 - WiFiDetector - ERROR - [CRITICAL] EVIL_TWIN_DETECTED: CRITICAL: Unauthorized Generic Vendor device hijacking whitelisted SSID 'HENG_2.4GHz'. (SSID: HENG_2.4GHz, MAC: 165fec30a197)
2026-03-10 22:14:21,476 - WiFiDetector - ERROR - [CRITICAL] EVIL_TWIN_DETECTED: CRITICAL: Unauthorized Generic Vendor device hijacking whitelisted SSID 'HENG_2.4GHz'. (SSID: HENG_2.4GHz, MAC: 165fec30a197)
2026-03-10 22:14:41,565 - WiFiDetector - ERROR - [CRITICAL] EVIL_TWIN_DETECTED: CRITICAL: Unauthorized Generic Vendor device hijacking whitelisted SSID 'HENG_2.4GHz'. (SSID: HENG_2.4GHz, MAC: 165fec30a197)
2026-03-10 22:15:01,652 - WiFiDetector - ERROR - [CRITICAL] EVIL_TWIN_DETECTED: CRITICAL: Unauthorized Generic Vendor device hijacking whitelisted SSID 'HENG_2.4GHz'. (SSID: HENG_2.4GHz, MAC: 165fec30a197)
2026-03-10 22:15:21,738 - WiFiDetector - ERROR - [CRITICAL] EVIL_TWIN_DETECTED: CRITICAL: Unauthorized Generic Vendor device hijacking whitelisted SSID 'HENG_2.4GHz'. (SSID: HENG_2.4GHz, MAC: 165fec30a197)
2026-03-10 22:15:41,834 - WiFiDetector - ERROR - [CRITICAL] EVIL_TWIN_DETECTED: CRITICAL: Unauthorized Generic Vendor device hijacking whitelisted SSID 'HENG_2.4GHz'. (SSID: HENG_2.4GHz, MAC: 165fec30a197)
2026-03-10 22:16:01,931 - WiFiDetector - ERROR - [CRITICAL] EVIL_TWIN_DETECTED: CRITICAL: Unauthorized Generic Vendor device hijacking whitelisted SSID 'HENG_2.4GHz'. (SSID: HENG_2.4GHz, MAC: 165fec30a197)
2026-03-10 22:16:22,019 - WiFiDetector - ERROR - [CRITICAL] EVIL_TWIN_DETECTED: CRITICAL: Unauthorized Generic Vendor device hijacking whitelisted SSID 'HENG_2.4GHz'. (SSID: HENG_2.4GHz, MAC: 165fec30a197)
2026-03-10 22:16:42,103 - WiFiDetector - ERROR - [CRITICAL] EVIL_TWIN_DETECTED: CRITICAL: Unauthorized Generic Vendor device hijacking whitelisted SSID 'HENG_2.4GHz'. (SSID: HENG_2.4GHz, MAC: 165fec30a197)
2026-03-10 22:17:02,180 - WiFiDetector - ERROR - [CRITICAL] EVIL_TWIN_DETECTED: CRITICAL: Unauthorized Generic Vendor device hijacking whitelisted SSID 'HENG_2.4GHz'. (SSID: HENG_2.4GHz, MAC: 165fec30a197)
2026-03-10 22:17:22,259 - WiFiDetector - ERROR - [CRITICAL] EVIL_TWIN_DETECTED: CRITICAL: Unauthorized Generic Vendor device hijacking whitelisted SSID 'HENG_2.4GHz'. (SSID: HENG_2.4GHz, MAC: 165fec30a197)
2026-03-10 22:17:42,338 - WiFiDetector - ERROR - [CRITICAL] EVIL_TWIN_DETECTED: CRITICAL: Unauthorized Generic Vendor device hijacking whitelisted SSID 'HENG_2.4GHz'. (SSID: HENG_2.4GHz, MAC: 165fec30a197)
2026-03-10 22:18:02,414 - WiFiDetector - ERROR - [CRITICAL] EVIL_TWIN_DETECTED: CRITICAL: Unauthorized Generic Vendor device hijacking whitelisted SSID 'HENG_2.4GHz'. (SSID: HENG_2.4GHz, MAC: 165fec30a197)
2026-03-10 22:18:22,492 - WiFiDetector - ERROR - [CRITICAL] EVIL_TWIN_DETECTED: CRITICAL: Unauthorized Generic Vendor device hijacking whitelisted SSID 'HENG_2.4GHz'. (SSID: HENG_2.4GHz, MAC: 165fec30a197)
2026-03-10 22:18:42,570 - WiFiDetector - ERROR - [CRITICAL] EVIL_TWIN_DETECTED: CRITICAL: Unauthorized Generic Vendor device hijacking whitelisted SSID 'HENG_2.4GHz'. (SSID: HENG_2.4GHz, MAC: 165fec30a197)
2026-03-10 22:19:02,642 - WiFiDetector - ERROR - [CRITICAL] EVIL_TWIN_DETECTED: CRITICAL: Unauthorized Generic Vendor device hijacking whitelisted SSID 'HENG_2.4GHz'. (SSID: HENG_2.4GHz, MAC: 165fec30a197)
2026-03-10 22:19:22,712 - WiFiDetector - ERROR - [CRITICAL] EVIL_TWIN_DETECTED: CRITICAL: Unauthorized Generic Vendor device hijacking whitelisted SSID 'HENG_2.4GHz'. (SSID: HENG_2.4GHz, MAC: 165fec30a197)
2026-03-10 22:19:42,784 - WiFiDetector - ERROR - [CRITICAL] EVIL_TWIN_DETECTED: CRITICAL: Unauthorized Generic Vendor device hijacking whitelisted SSID 'HENG_2.4GHz'. (SSID: HENG_2.4GHz, MAC: 165fec30a197)
2026-03-10 22:20:02,857 - WiFiDetector - ERROR - [CRITICAL] EVIL_TWIN_DETECTED: CRITICAL: Unauthorized Generic Vendor device hijacking whitelisted SSID 'HENG_2.4GHz'. (SSID: HENG_2.4GHz, MAC: 165fec30a197)
2026-03-10 22:20:22,929 - WiFiDetector - ERROR - [CRITICAL] EVIL_TWIN_DETECTED: CRITICAL: Unauthorized Generic Vendor device hijacking whitelisted SSID 'HENG_2.4GHz'. (SSID: HENG_2.4GHz, MAC: 165fec30a197)
2026-03-10 22:20:43,002 - WiFiDetector - ERROR - [CRITICAL] EVIL_TWIN_DETECTED: CRITICAL: Unauthorized Generic Vendor device hijacking whitelisted SSID 'HENG_2.4GHz'. (SSID: HENG_2.4GHz, MAC: 165fec30a197)
2026-03-10 22:21:03,076 - WiFiDetector - ERROR - [CRITICAL] EVIL_TWIN_DETECTED: CRITICAL: Unauthorized Generic Vendor device hijacking whitelisted SSID 'HENG_2.4GHz'. (SSID: HENG_2.4GHz, MAC: 165fec30a197)
2026-03-10 22:21:23,149 - WiFiDetector - ERROR - [CRITICAL] EVIL_TWIN_DETECTED: CRITICAL: Unauthorized Generic Vendor device hijacking whitelisted SSID 'HENG_2.4GHz'. (SSID: HENG_2.4GHz, MAC: 165fec30a197)
2026-03-10 22:21:43,219 - WiFiDetector - ERROR - [CRITICAL] EVIL_TWIN_DETECTED: CRITICAL: Unauthorized Generic Vendor device hijacking whitelisted SSID 'HENG_2.4GHz'. (SSID: HENG_2.4GHz, MAC: 165fec30a197)
2026-03-11 09:21:59,303 - WiFiDetector - INFO - System Shutdown.
2026-03-11 09:22:18,508 - WiFiDetector - INFO - Universal Cyber SOC Monitor started.
2026-03-11 09:27:09,261 - WiFiDetector - INFO - System Shutdown.
2026-03-11 09:27:21,779 - WiFiDetector - INFO - Universal Cyber SOC Monitor started.
2026-03-11 09:27:51,582 - WiFiDetector - INFO - Universal Cyber SOC Monitor started.
2026-03-11 15:36:25,786 - WiFiDetector - INFO - Universal Cyber SOC Monitor started.
2026-03-11 15:36:35,357 - WiFiDetector - INFO - System Shutdown.
2026-03-11 17:28:00,791 - WiFiDetector - INFO - Universal Cyber SOC Monitor started.
2026-03-11 17:28:34,810 - WiFiDetector - INFO - System Shutdown.
2026-03-11 17:28:36,273 - WiFiDetector - INFO - Universal Cyber SOC Monitor started.
2026-03-11 17:28:36,345 - WiFiDetector - ERROR - [CRITICAL] WHITELIST_BREACH: BLOCK: Unauthorized ROGUE-SIMULATOR device hijacking secure SSID 'HENG_2.4GHz'. (SSID: HENG_2.4GHz, MAC: deadbeefff01)
2026-03-11 17:28:56,420 - WiFiDetector - ERROR - [CRITICAL] WHITELIST_BREACH: BLOCK: Unauthorized ROGUE-SIMULATOR device hijacking secure SSID 'HENG_2.4GHz'. (SSID: HENG_2.4GHz, MAC: deadbeefff01)
2026-03-11 17:29:16,495 - WiFiDetector - ERROR - [CRITICAL] WHITELIST_BREACH: BLOCK: Unauthorized ROGUE-SIMULATOR device hijacking secure SSID 'HENG_2.4GHz'. (SSID: HENG_2.4GHz, MAC: deadbeefff01)
2026-03-11 17:29:36,570 - WiFiDetector - ERROR - [CRITICAL] WHITELIST_BREACH: BLOCK: Unauthorized ROGUE-SIMULATOR device hijacking secure SSID 'HENG_2.4GHz'. (SSID: HENG_2.4GHz, MAC: deadbeefff01)
2026-03-11 17:29:56,647 - WiFiDetector - ERROR - [CRITICAL] WHITELIST_BREACH: BLOCK: Unauthorized ROGUE-SIMULATOR device hijacking secure SSID 'HENG_2.4GHz'. (SSID: HENG_2.4GHz, MAC: deadbeefff01)
2026-03-11 17:30:16,729 - WiFiDetector - ERROR - [CRITICAL] WHITELIST_BREACH: BLOCK: Unauthorized ROGUE-SIMULATOR device hijacking secure SSID 'HENG_2.4GHz'. (SSID: HENG_2.4GHz, MAC: deadbeefff01)
2026-03-11 17:30:36,810 - WiFiDetector - ERROR - [CRITICAL] WHITELIST_BREACH: BLOCK: Unauthorized ROGUE-SIMULATOR device hijacking secure SSID 'HENG_2.4GHz'. (SSID: HENG_2.4GHz, MAC: deadbeefff01)
2026-03-11 17:30:56,892 - WiFiDetector - ERROR - [CRITICAL] WHITELIST_BREACH: BLOCK: Unauthorized ROGUE-SIMULATOR device hijacking secure SSID 'HENG_2.4GHz'. (SSID: HENG_2.4GHz, MAC: deadbeefff01)
2026-03-11 17:31:16,980 - WiFiDetector - ERROR - [CRITICAL] WHITELIST_BREACH: BLOCK: Unauthorized ROGUE-SIMULATOR device hijacking secure SSID 'HENG_2.4GHz'. (SSID: HENG_2.4GHz, MAC: deadbeefff01)
2026-03-11 17:31:37,070 - WiFiDetector - ERROR - [CRITICAL] WHITELIST_BREACH: BLOCK: Unauthorized ROGUE-SIMULATOR device hijacking secure SSID 'HENG_2.4GHz'. (SSID: HENG_2.4GHz, MAC: deadbeefff01)
2026-03-11 17:31:57,158 - WiFiDetector - ERROR - [CRITICAL] WHITELIST_BREACH: BLOCK: Unauthorized ROGUE-SIMULATOR device hijacking secure SSID 'HENG_2.4GHz'. (SSID: HENG_2.4GHz, MAC: deadbeefff01)
2026-03-11 17:32:07,873 - WiFiDetector - ERROR - [CRITICAL] EVIL_TWIN_DETECTED: CRITICAL: Unauthorized Generic Vendor device hijacking whitelisted SSID 'HENG_2.4GHz'. (SSID: HENG_2.4GHz, MAC: faca4b2702ac)
2026-03-11 17:32:17,240 - WiFiDetector - ERROR - [CRITICAL] CHANNEL_HIJACK: CHANNEL_COLLISION: High-power signal overlap on Channel 8 for SSID 'HENG_2.4GHz' (Possible Twin Collision). (SSID: HENG_2.4GHz, MAC: faca4b2702ac)
2026-03-11 17:32:17,241 - WiFiDetector - ERROR - [CRITICAL] WHITELIST_BREACH: BLOCK: Unauthorized Generic Vendor device hijacking secure SSID 'HENG_2.4GHz'. (SSID: HENG_2.4GHz, MAC: faca4b2702ac)
2026-03-11 17:32:17,241 - WiFiDetector - ERROR - [CRITICAL] WHITELIST_BREACH: BLOCK: Unauthorized ROGUE-SIMULATOR device hijacking secure SSID 'HENG_2.4GHz'. (SSID: HENG_2.4GHz, MAC: deadbeefff01)
2026-03-11 17:32:27,967 - WiFiDetector - ERROR - [CRITICAL] EVIL_TWIN_DETECTED: CRITICAL: Unauthorized Generic Vendor device hijacking whitelisted SSID 'HENG_2.4GHz'. (SSID: HENG_2.4GHz, MAC: faca4b2702ac)
2026-03-11 17:32:37,324 - WiFiDetector - ERROR - [CRITICAL] CHANNEL_HIJACK: CHANNEL_COLLISION: High-power signal overlap on Channel 8 for SSID 'HENG_2.4GHz' (Possible Twin Collision). (SSID: HENG_2.4GHz, MAC: faca4b2702ac)
2026-03-11 17:32:37,325 - WiFiDetector - ERROR - [CRITICAL] WHITELIST_BREACH: BLOCK: Unauthorized Generic Vendor device hijacking secure SSID 'HENG_2.4GHz'. (SSID: HENG_2.4GHz, MAC: faca4b2702ac)
2026-03-11 17:32:37,325 - WiFiDetector - ERROR - [CRITICAL] WHITELIST_BREACH: BLOCK: Unauthorized ROGUE-SIMULATOR device hijacking secure SSID 'HENG_2.4GHz'. (SSID: HENG_2.4GHz, MAC: deadbeefff01)
2026-03-11 17:32:48,061 - WiFiDetector - ERROR - [CRITICAL] EVIL_TWIN_DETECTED: CRITICAL: Unauthorized Generic Vendor device hijacking whitelisted SSID 'HENG_2.4GHz'. (SSID: HENG_2.4GHz, MAC: faca4b2702ac)
2026-03-11 17:32:57,407 - WiFiDetector - ERROR - [CRITICAL] CHANNEL_HIJACK: CHANNEL_COLLISION: High-power signal overlap on Channel 8 for SSID 'HENG_2.4GHz' (Possible Twin Collision). (SSID: HENG_2.4GHz, MAC: faca4b2702ac)
2026-03-11 17:32:57,408 - WiFiDetector - ERROR - [CRITICAL] WHITELIST_BREACH: BLOCK: Unauthorized Generic Vendor device hijacking secure SSID 'HENG_2.4GHz'. (SSID: HENG_2.4GHz, MAC: faca4b2702ac)
2026-03-11 17:32:57,408 - WiFiDetector - ERROR - [CRITICAL] WHITELIST_BREACH: BLOCK: Unauthorized ROGUE-SIMULATOR device hijacking secure SSID 'HENG_2.4GHz'. (SSID: HENG_2.4GHz, MAC: deadbeefff01)
2026-03-11 17:33:08,150 - WiFiDetector - ERROR - [CRITICAL] EVIL_TWIN_DETECTED: CRITICAL: Unauthorized Generic Vendor device hijacking whitelisted SSID 'HENG_2.4GHz'. (SSID: HENG_2.4GHz, MAC: faca4b2702ac)
2026-03-11 17:33:17,485 - WiFiDetector - ERROR - [CRITICAL] WHITELIST_BREACH: BLOCK: Unauthorized Generic Vendor device hijacking secure SSID 'HENG_2.4GHz'. (SSID: HENG_2.4GHz, MAC: faca4b2702ac)
2026-03-11 17:33:17,493 - WiFiDetector - ERROR - [CRITICAL] CHANNEL_HIJACK: CHANNEL_COLLISION: High-power signal overlap on Channel 8 for SSID 'HENG_2.4GHz' (Possible Twin Collision). (SSID: HENG_2.4GHz, MAC: 6c442a7e7fc0)
2026-03-11 17:33:17,493 - WiFiDetector - ERROR - [CRITICAL] WHITELIST_BREACH: BLOCK: Unauthorized ROGUE-SIMULATOR device hijacking secure SSID 'HENG_2.4GHz'. (SSID: HENG_2.4GHz, MAC: deadbeefff01)
2026-03-11 17:33:28,241 - WiFiDetector - ERROR - [CRITICAL] EVIL_TWIN_DETECTED: CRITICAL: Unauthorized Generic Vendor device hijacking whitelisted SSID 'HENG_2.4GHz'. (SSID: HENG_2.4GHz, MAC: faca4b2702ac)
2026-03-11 17:33:37,570 - WiFiDetector - ERROR - [CRITICAL] WHITELIST_BREACH: BLOCK: Unauthorized Generic Vendor device hijacking secure SSID 'HENG_2.4GHz'. (SSID: HENG_2.4GHz, MAC: faca4b2702ac)
2026-03-11 17:33:37,571 - WiFiDetector - ERROR - [CRITICAL] CHANNEL_HIJACK: CHANNEL_COLLISION: High-power signal overlap on Channel 8 for SSID 'HENG_2.4GHz' (Possible Twin Collision). (SSID: HENG_2.4GHz, MAC: 6c442a7e7fc0)
2026-03-11 17:33:37,571 - WiFiDetector - ERROR - [CRITICAL] WHITELIST_BREACH: BLOCK: Unauthorized ROGUE-SIMULATOR device hijacking secure SSID 'HENG_2.4GHz'. (SSID: HENG_2.4GHz, MAC: deadbeefff01)
2026-03-11 17:33:48,339 - WiFiDetector - ERROR - [CRITICAL] EVIL_TWIN_DETECTED: CRITICAL: Unauthorized Generic Vendor device hijacking whitelisted SSID 'HENG_2.4GHz'. (SSID: HENG_2.4GHz, MAC: faca4b2702ac)
2026-03-11 17:33:57,647 - WiFiDetector - ERROR - [CRITICAL] WHITELIST_BREACH: BLOCK: Unauthorized Generic Vendor device hijacking secure SSID 'HENG_2.4GHz'. (SSID: HENG_2.4GHz, MAC: faca4b2702ac)
2026-03-11 17:33:57,648 - WiFiDetector - ERROR - [CRITICAL] CHANNEL_HIJACK: CHANNEL_COLLISION: High-power signal overlap on Channel 8 for SSID 'HENG_2.4GHz' (Possible Twin Collision). (SSID: HENG_2.4GHz, MAC: 6c442a7e7fc0)
2026-03-11 17:33:57,648 - WiFiDetector - ERROR - [CRITICAL] WHITELIST_BREACH: BLOCK: Unauthorized ROGUE-SIMULATOR device hijacking secure SSID 'HENG_2.4GHz'. (SSID: HENG_2.4GHz, MAC: deadbeefff01)
2026-03-11 17:34:08,434 - WiFiDetector - ERROR - [CRITICAL] EVIL_TWIN_DETECTED: CRITICAL: Unauthorized Generic Vendor device hijacking whitelisted SSID 'HENG_2.4GHz'. (SSID: HENG_2.4GHz, MAC: faca4b2702ac)
2026-03-11 17:34:17,729 - WiFiDetector - ERROR - [CRITICAL] WHITELIST_BREACH: BLOCK: Unauthorized Generic Vendor device hijacking secure SSID 'HENG_2.4GHz'. (SSID: HENG_2.4GHz, MAC: faca4b2702ac)
2026-03-11 17:34:17,730 - WiFiDetector - ERROR - [CRITICAL] CHANNEL_HIJACK: CHANNEL_COLLISION: High-power signal overlap on Channel 8 for SSID 'HENG_2.4GHz' (Possible Twin Collision). (SSID: HENG_2.4GHz, MAC: 6c442a7e7fc0)
2026-03-11 17:34:17,730 - WiFiDetector - ERROR - [CRITICAL] WHITELIST_BREACH: BLOCK: Unauthorized ROGUE-SIMULATOR device hijacking secure SSID 'HENG_2.4GHz'. (SSID: HENG_2.4GHz, MAC: deadbeefff01)
2026-03-11 17:34:28,547 - WiFiDetector - ERROR - [CRITICAL] EVIL_TWIN_DETECTED: CRITICAL: Unauthorized Generic Vendor device hijacking whitelisted SSID 'HENG_2.4GHz'. (SSID: HENG_2.4GHz, MAC: faca4b2702ac)
2026-03-11 17:34:37,812 - WiFiDetector - ERROR - [CRITICAL] WHITELIST_BREACH: BLOCK: Unauthorized Generic Vendor device hijacking secure SSID 'HENG_2.4GHz'. (SSID: HENG_2.4GHz, MAC: faca4b2702ac)
2026-03-11 17:34:37,812 - WiFiDetector - ERROR - [CRITICAL] CHANNEL_HIJACK: CHANNEL_COLLISION: High-power signal overlap on Channel 8 for SSID 'HENG_2.4GHz' (Possible Twin Collision). (SSID: HENG_2.4GHz, MAC: 6c442a7e7fc0)
2026-03-11 17:34:37,813 - WiFiDetector - ERROR - [CRITICAL] WHITELIST_BREACH: BLOCK: Unauthorized ROGUE-SIMULATOR device hijacking secure SSID 'HENG_2.4GHz'. (SSID: HENG_2.4GHz, MAC: deadbeefff01)
2026-03-11 17:34:48,647 - WiFiDetector - ERROR - [CRITICAL] EVIL_TWIN_DETECTED: CRITICAL: Unauthorized Generic Vendor device hijacking whitelisted SSID 'HENG_2.4GHz'. (SSID: HENG_2.4GHz, MAC: faca4b2702ac)
2026-03-11 17:34:57,894 - WiFiDetector - ERROR - [CRITICAL] WHITELIST_BREACH: BLOCK: Unauthorized Generic Vendor device hijacking secure SSID 'HENG_2.4GHz'. (SSID: HENG_2.4GHz, MAC: faca4b2702ac)
2026-03-11 17:34:57,894 - WiFiDetector - ERROR - [CRITICAL] CHANNEL_HIJACK: CHANNEL_COLLISION: High-power signal overlap on Channel 8 for SSID 'HENG_2.4GHz' (Possible Twin Collision). (SSID: HENG_2.4GHz, MAC: 6c442a7e7fc0)
2026-03-11 17:34:57,895 - WiFiDetector - ERROR - [CRITICAL] WHITELIST_BREACH: BLOCK: Unauthorized ROGUE-SIMULATOR device hijacking secure SSID 'HENG_2.4GHz'. (SSID: HENG_2.4GHz, MAC: deadbeefff01)
2026-03-11 17:35:08,736 - WiFiDetector - ERROR - [CRITICAL] EVIL_TWIN_DETECTED: CRITICAL: Unauthorized Generic Vendor device hijacking whitelisted SSID 'HENG_2.4GHz'. (SSID: HENG_2.4GHz, MAC: faca4b2702ac)
2026-03-11 17:35:17,970 - WiFiDetector - ERROR - [CRITICAL] WHITELIST_BREACH: BLOCK: Unauthorized Generic Vendor device hijacking secure SSID 'HENG_2.4GHz'. (SSID: HENG_2.4GHz, MAC: faca4b2702ac)
2026-03-11 17:35:17,971 - WiFiDetector - ERROR - [CRITICAL] CHANNEL_HIJACK: CHANNEL_COLLISION: High-power signal overlap on Channel 8 for SSID 'HENG_2.4GHz' (Possible Twin Collision). (SSID: HENG_2.4GHz, MAC: 6c442a7e7fc0)
2026-03-11 17:35:17,971 - WiFiDetector - ERROR - [CRITICAL] WHITELIST_BREACH: BLOCK: Unauthorized ROGUE-SIMULATOR device hijacking secure SSID 'HENG_2.4GHz'. (SSID: HENG_2.4GHz, MAC: deadbeefff01)
2026-03-11 17:35:28,825 - WiFiDetector - ERROR - [CRITICAL] EVIL_TWIN_DETECTED: CRITICAL: Unauthorized Generic Vendor device hijacking whitelisted SSID 'HENG_2.4GHz'. (SSID: HENG_2.4GHz, MAC: faca4b2702ac)
2026-03-11 17:35:38,059 - WiFiDetector - ERROR - [CRITICAL] WHITELIST_BREACH: BLOCK: Unauthorized Generic Vendor device hijacking secure SSID 'HENG_2.4GHz'. (SSID: HENG_2.4GHz, MAC: faca4b2702ac)
2026-03-11 17:35:38,059 - WiFiDetector - ERROR - [CRITICAL] CHANNEL_HIJACK: CHANNEL_COLLISION: High-power signal overlap on Channel 8 for SSID 'HENG_2.4GHz' (Possible Twin Collision). (SSID: HENG_2.4GHz, MAC: 6c442a7e7fc0)
2026-03-11 17:35:38,060 - WiFiDetector - ERROR - [CRITICAL] WHITELIST_BREACH: BLOCK: Unauthorized ROGUE-SIMULATOR device hijacking secure SSID 'HENG_2.4GHz'. (SSID: HENG_2.4GHz, MAC: deadbeefff01)
2026-03-11 17:35:48,916 - WiFiDetector - ERROR - [CRITICAL] EVIL_TWIN_DETECTED: CRITICAL: Unauthorized Generic Vendor device hijacking whitelisted SSID 'HENG_2.4GHz'. (SSID: HENG_2.4GHz, MAC: faca4b2702ac)
2026-03-11 17:35:49,447 - WiFiDetector - INFO - System Shutdown.
2026-03-11 17:35:51,057 - WiFiDetector - INFO - Universal Cyber SOC Monitor started.
2026-03-11 17:35:51,131 - WiFiDetector - ERROR - [CRITICAL] WHITELIST_BREACH: BLOCK: Unauthorized Generic Vendor device hijacking secure SSID 'HENG_2.4GHz'. (SSID: HENG_2.4GHz, MAC: faca4b2702ac)
2026-03-11 17:35:51,131 - WiFiDetector - ERROR - [CRITICAL] CHANNEL_HIJACK: CHANNEL_COLLISION: High-power signal overlap on Channel 8 for SSID 'HENG_2.4GHz' (Possible Twin Collision). (SSID: HENG_2.4GHz, MAC: 6c442a7e7fc0)
2026-03-11 17:35:51,132 - WiFiDetector - ERROR - [CRITICAL] WHITELIST_BREACH: BLOCK: Unauthorized ROGUE-SIMULATOR device hijacking secure SSID 'HENG_2.4GHz'. (SSID: HENG_2.4GHz, MAC: deadbeefff01)
2026-03-11 17:35:56,209 - WiFiDetector - ERROR - [CRITICAL] WHITELIST_BREACH: BLOCK: Unauthorized Generic Vendor device hijacking secure SSID 'HENG_2.4GHz'. (SSID: HENG_2.4GHz, MAC: faca4b2702ac)
2026-03-11 17:35:56,209 - WiFiDetector - ERROR - [CRITICAL] CHANNEL_HIJACK: CHANNEL_COLLISION: High-power signal overlap on Channel 8 for SSID 'HENG_2.4GHz' (Possible Twin Collision). (SSID: HENG_2.4GHz, MAC: 6c442a7e7fc0)
2026-03-11 17:35:56,210 - WiFiDetector - ERROR - [CRITICAL] WHITELIST_BREACH: BLOCK: Unauthorized ROGUE-SIMULATOR device hijacking secure SSID 'HENG_2.4GHz'. (SSID: HENG_2.4GHz, MAC: deadbeefff01)
2026-03-11 17:36:01,288 - WiFiDetector - ERROR - [CRITICAL] WHITELIST_BREACH: BLOCK: Unauthorized Generic Vendor device hijacking secure SSID 'HENG_2.4GHz'. (SSID: HENG_2.4GHz, MAC: faca4b2702ac)
2026-03-11 17:36:01,288 - WiFiDetector - ERROR - [CRITICAL] CHANNEL_HIJACK: CHANNEL_COLLISION: High-power signal overlap on Channel 8 for SSID 'HENG_2.4GHz' (Possible Twin Collision). (SSID: HENG_2.4GHz, MAC: 6c442a7e7fc0)
2026-03-11 17:36:01,289 - WiFiDetector - ERROR - [CRITICAL] WHITELIST_BREACH: BLOCK: Unauthorized ROGUE-SIMULATOR device hijacking secure SSID 'HENG_2.4GHz'. (SSID: HENG_2.4GHz, MAC: deadbeefff01)
2026-03-11 17:36:06,368 - WiFiDetector - ERROR - [CRITICAL] WHITELIST_BREACH: BLOCK: Unauthorized Generic Vendor device hijacking secure SSID 'HENG_2.4GHz'. (SSID: HENG_2.4GHz, MAC: faca4b2702ac)
2026-03-11 17:36:06,368 - WiFiDetector - ERROR - [CRITICAL] CHANNEL_HIJACK: CHANNEL_COLLISION: High-power signal overlap on Channel 8 for SSID 'HENG_2.4GHz' (Possible Twin Collision). (SSID: HENG_2.4GHz, MAC: 6c442a7e7fc0)
2026-03-11 17:36:06,369 - WiFiDetector - ERROR - [CRITICAL] WHITELIST_BREACH: BLOCK: Unauthorized ROGUE-SIMULATOR device hijacking secure SSID 'HENG_2.4GHz'. (SSID: HENG_2.4GHz, MAC: deadbeefff01)
2026-03-11 17:36:09,012 - WiFiDetector - ERROR - [CRITICAL] EVIL_TWIN_DETECTED: CRITICAL: Unauthorized Generic Vendor device hijacking whitelisted SSID 'HENG_2.4GHz'. (SSID: HENG_2.4GHz, MAC: faca4b2702ac)
2026-03-11 17:36:11,445 - WiFiDetector - ERROR - [CRITICAL] CHANNEL_HIJACK: CHANNEL_COLLISION: High-power signal overlap on Channel 8 for SSID 'HENG_2.4GHz' (Possible Twin Collision). (SSID: HENG_2.4GHz, MAC: faca4b2702ac)
2026-03-11 17:36:11,446 - WiFiDetector - ERROR - [CRITICAL] WHITELIST_BREACH: BLOCK: Unauthorized Generic Vendor device hijacking secure SSID 'HENG_2.4GHz'. (SSID: HENG_2.4GHz, MAC: faca4b2702ac)
2026-03-11 17:36:11,446 - WiFiDetector - ERROR - [CRITICAL] WHITELIST_BREACH: BLOCK: Unauthorized ROGUE-SIMULATOR device hijacking secure SSID 'HENG_2.4GHz'. (SSID: HENG_2.4GHz, MAC: deadbeefff01)
2026-03-11 17:36:16,523 - WiFiDetector - ERROR - [CRITICAL] CHANNEL_HIJACK: CHANNEL_COLLISION: High-power signal overlap on Channel 8 for SSID 'HENG_2.4GHz' (Possible Twin Collision). (SSID: HENG_2.4GHz, MAC: faca4b2702ac)
2026-03-11 17:36:16,524 - WiFiDetector - ERROR - [CRITICAL] WHITELIST_BREACH: BLOCK: Unauthorized Generic Vendor device hijacking secure SSID 'HENG_2.4GHz'. (SSID: HENG_2.4GHz, MAC: faca4b2702ac)
2026-03-11 17:36:16,524 - WiFiDetector - ERROR - [CRITICAL] WHITELIST_BREACH: BLOCK: Unauthorized ROGUE-SIMULATOR device hijacking secure SSID 'HENG_2.4GHz'. (SSID: HENG_2.4GHz, MAC: deadbeefff01)
2026-03-11 17:36:21,601 - WiFiDetector - ERROR - [CRITICAL] CHANNEL_HIJACK: CHANNEL_COLLISION: High-power signal overlap on Channel 8 for SSID 'HENG_2.4GHz' (Possible Twin Collision). (SSID: HENG_2.4GHz, MAC: faca4b2702ac)
2026-03-11 17:36:21,601 - WiFiDetector - ERROR - [CRITICAL] WHITELIST_BREACH: BLOCK: Unauthorized Generic Vendor device hijacking secure SSID 'HENG_2.4GHz'. (SSID: HENG_2.4GHz, MAC: faca4b2702ac)
2026-03-11 17:36:21,602 - WiFiDetector - ERROR - [CRITICAL] WHITELIST_BREACH: BLOCK: Unauthorized ROGUE-SIMULATOR device hijacking secure SSID 'HENG_2.4GHz'. (SSID: HENG_2.4GHz, MAC: deadbeefff01)
2026-03-11 17:36:26,679 - WiFiDetector - ERROR - [CRITICAL] CHANNEL_HIJACK: CHANNEL_COLLISION: High-power signal overlap on Channel 8 for SSID 'HENG_2.4GHz' (Possible Twin Collision). (SSID: HENG_2.4GHz, MAC: faca4b2702ac)
2026-03-11 17:36:26,679 - WiFiDetector - ERROR - [CRITICAL] WHITELIST_BREACH: BLOCK: Unauthorized Generic Vendor device hijacking secure SSID 'HENG_2.4GHz'. (SSID: HENG_2.4GHz, MAC: faca4b2702ac)
2026-03-11 17:36:26,680 - WiFiDetector - ERROR - [CRITICAL] WHITELIST_BREACH: BLOCK: Unauthorized ROGUE-SIMULATOR device hijacking secure SSID 'HENG_2.4GHz'. (SSID: HENG_2.4GHz, MAC: deadbeefff01)
2026-03-11 17:36:29,101 - WiFiDetector - ERROR - [CRITICAL] EVIL_TWIN_DETECTED: CRITICAL: Unauthorized Generic Vendor device hijacking whitelisted SSID 'HENG_2.4GHz'. (SSID: HENG_2.4GHz, MAC: faca4b2702ac)
2026-03-11 17:36:31,755 - WiFiDetector - ERROR - [CRITICAL] CHANNEL_HIJACK: CHANNEL_COLLISION: High-power signal overlap on Channel 8 for SSID 'HENG_2.4GHz' (Possible Twin Collision). (SSID: HENG_2.4GHz, MAC: faca4b2702ac)
2026-03-11 17:36:31,756 - WiFiDetector - ERROR - [CRITICAL] WHITELIST_BREACH: BLOCK: Unauthorized Generic Vendor device hijacking secure SSID 'HENG_2.4GHz'. (SSID: HENG_2.4GHz, MAC: faca4b2702ac)
2026-03-11 17:36:31,756 - WiFiDetector - ERROR - [CRITICAL] WHITELIST_BREACH: BLOCK: Unauthorized ROGUE-SIMULATOR device hijacking secure SSID 'HENG_2.4GHz'. (SSID: HENG_2.4GHz, MAC: deadbeefff01)
2026-03-11 17:36:36,832 - WiFiDetector - ERROR - [CRITICAL] CHANNEL_HIJACK: CHANNEL_COLLISION: High-power signal overlap on Channel 8 for SSID 'HENG_2.4GHz' (Possible Twin Collision). (SSID: HENG_2.4GHz, MAC: faca4b2702ac)
2026-03-11 17:36:36,833 - WiFiDetector - ERROR - [CRITICAL] WHITELIST_BREACH: BLOCK: Unauthorized Generic Vendor device hijacking secure SSID 'HENG_2.4GHz'. (SSID: HENG_2.4GHz, MAC: faca4b2702ac)
2026-03-11 17:36:36,833 - WiFiDetector - ERROR - [CRITICAL] WHITELIST_BREACH: BLOCK: Unauthorized ROGUE-SIMULATOR device hijacking secure SSID 'HENG_2.4GHz'. (SSID: HENG_2.4GHz, MAC: deadbeefff01)
2026-03-11 17:36:41,910 - WiFiDetector - ERROR - [CRITICAL] CHANNEL_HIJACK: CHANNEL_COLLISION: High-power signal overlap on Channel 8 for SSID 'HENG_2.4GHz' (Possible Twin Collision). (SSID: HENG_2.4GHz, MAC: faca4b2702ac)
2026-03-11 17:36:41,910 - WiFiDetector - ERROR - [CRITICAL] WHITELIST_BREACH: BLOCK: Unauthorized Generic Vendor device hijacking secure SSID 'HENG_2.4GHz'. (SSID: HENG_2.4GHz, MAC: faca4b2702ac)
2026-03-11 17:36:41,911 - WiFiDetector - ERROR - [CRITICAL] WHITELIST_BREACH: BLOCK: Unauthorized ROGUE-SIMULATOR device hijacking secure SSID 'HENG_2.4GHz'. (SSID: HENG_2.4GHz, MAC: deadbeefff01)
2026-03-11 17:36:46,987 - WiFiDetector - ERROR - [CRITICAL] CHANNEL_HIJACK: CHANNEL_COLLISION: High-power signal overlap on Channel 8 for SSID 'HENG_2.4GHz' (Possible Twin Collision). (SSID: HENG_2.4GHz, MAC: faca4b2702ac)
2026-03-11 17:36:46,988 - WiFiDetector - ERROR - [CRITICAL] WHITELIST_BREACH: BLOCK: Unauthorized Generic Vendor device hijacking secure SSID 'HENG_2.4GHz'. (SSID: HENG_2.4GHz, MAC: faca4b2702ac)
2026-03-11 17:36:46,988 - WiFiDetector - ERROR - [CRITICAL] WHITELIST_BREACH: BLOCK: Unauthorized ROGUE-SIMULATOR device hijacking secure SSID 'HENG_2.4GHz'. (SSID: HENG_2.4GHz, MAC: deadbeefff01)
2026-03-11 17:36:49,191 - WiFiDetector - ERROR - [CRITICAL] EVIL_TWIN_DETECTED: CRITICAL: Unauthorized Generic Vendor device hijacking whitelisted SSID 'HENG_2.4GHz'. (SSID: HENG_2.4GHz, MAC: faca4b2702ac)
2026-03-11 17:36:52,065 - WiFiDetector - ERROR - [CRITICAL] CHANNEL_HIJACK: CHANNEL_COLLISION: High-power signal overlap on Channel 8 for SSID 'HENG_2.4GHz' (Possible Twin Collision). (SSID: HENG_2.4GHz, MAC: faca4b2702ac)
2026-03-11 17:36:52,065 - WiFiDetector - ERROR - [CRITICAL] WHITELIST_BREACH: BLOCK: Unauthorized Generic Vendor device hijacking secure SSID 'HENG_2.4GHz'. (SSID: HENG_2.4GHz, MAC: faca4b2702ac)
2026-03-11 17:36:52,066 - WiFiDetector - ERROR - [CRITICAL] WHITELIST_BREACH: BLOCK: Unauthorized ROGUE-SIMULATOR device hijacking secure SSID 'HENG_2.4GHz'. (SSID: HENG_2.4GHz, MAC: deadbeefff01)
2026-03-11 17:36:57,143 - WiFiDetector - ERROR - [CRITICAL] CHANNEL_HIJACK: CHANNEL_COLLISION: High-power signal overlap on Channel 8 for SSID 'HENG_2.4GHz' (Possible Twin Collision). (SSID: HENG_2.4GHz, MAC: faca4b2702ac)
2026-03-11 17:36:57,153 - WiFiDetector - ERROR - [CRITICAL] WHITELIST_BREACH: BLOCK: Unauthorized Generic Vendor device hijacking secure SSID 'HENG_2.4GHz'. (SSID: HENG_2.4GHz, MAC: faca4b2702ac)
2026-03-11 17:36:57,153 - WiFiDetector - ERROR - [CRITICAL] WHITELIST_BREACH: BLOCK: Unauthorized ROGUE-SIMULATOR device hijacking secure SSID 'HENG_2.4GHz'. (SSID: HENG_2.4GHz, MAC: deadbeefff01)
2026-03-11 17:37:02,256 - WiFiDetector - ERROR - [CRITICAL] CHANNEL_HIJACK: CHANNEL_COLLISION: High-power signal overlap on Channel 8 for SSID 'HENG_2.4GHz' (Possible Twin Collision). (SSID: HENG_2.4GHz, MAC: faca4b2702ac)
2026-03-11 17:37:02,257 - WiFiDetector - ERROR - [CRITICAL] WHITELIST_BREACH: BLOCK: Unauthorized Generic Vendor device hijacking secure SSID 'HENG_2.4GHz'. (SSID: HENG_2.4GHz, MAC: faca4b2702ac)
2026-03-11 17:37:02,257 - WiFiDetector - ERROR - [CRITICAL] WHITELIST_BREACH: BLOCK: Unauthorized ROGUE-SIMULATOR device hijacking secure SSID 'HENG_2.4GHz'. (SSID: HENG_2.4GHz, MAC: deadbeefff01)
2026-03-11 17:37:07,334 - WiFiDetector - ERROR - [CRITICAL] CHANNEL_HIJACK: CHANNEL_COLLISION: High-power signal overlap on Channel 8 for SSID 'HENG_2.4GHz' (Possible Twin Collision). (SSID: HENG_2.4GHz, MAC: faca4b2702ac)
2026-03-11 17:37:07,335 - WiFiDetector - ERROR - [CRITICAL] WHITELIST_BREACH: BLOCK: Unauthorized Generic Vendor device hijacking secure SSID 'HENG_2.4GHz'. (SSID: HENG_2.4GHz, MAC: faca4b2702ac)
2026-03-11 17:37:07,335 - WiFiDetector - ERROR - [CRITICAL] WHITELIST_BREACH: BLOCK: Unauthorized ROGUE-SIMULATOR device hijacking secure SSID 'HENG_2.4GHz'. (SSID: HENG_2.4GHz, MAC: deadbeefff01)
2026-03-11 17:37:09,272 - WiFiDetector - ERROR - [CRITICAL] EVIL_TWIN_DETECTED: CRITICAL: Unauthorized Generic Vendor device hijacking whitelisted SSID 'HENG_2.4GHz'. (SSID: HENG_2.4GHz, MAC: faca4b2702ac)
2026-03-11 17:37:12,406 - WiFiDetector - ERROR - [CRITICAL] WHITELIST_BREACH: BLOCK: Unauthorized Generic Vendor device hijacking secure SSID 'HENG_2.4GHz'. (SSID: HENG_2.4GHz, MAC: faca4b2702ac)
2026-03-11 17:37:12,406 - WiFiDetector - ERROR - [CRITICAL] CHANNEL_HIJACK: CHANNEL_COLLISION: High-power signal overlap on Channel 8 for SSID 'HENG_2.4GHz' (Possible Twin Collision). (SSID: HENG_2.4GHz, MAC: 6c442a7e7fc0)
2026-03-11 17:37:12,406 - WiFiDetector - ERROR - [CRITICAL] WHITELIST_BREACH: BLOCK: Unauthorized ROGUE-SIMULATOR device hijacking secure SSID 'HENG_2.4GHz'. (SSID: HENG_2.4GHz, MAC: deadbeefff01)
2026-03-11 17:37:17,477 - WiFiDetector - ERROR - [CRITICAL] WHITELIST_BREACH: BLOCK: Unauthorized Generic Vendor device hijacking secure SSID 'HENG_2.4GHz'. (SSID: HENG_2.4GHz, MAC: faca4b2702ac)
2026-03-11 17:37:17,477 - WiFiDetector - ERROR - [CRITICAL] CHANNEL_HIJACK: CHANNEL_COLLISION: High-power signal overlap on Channel 8 for SSID 'HENG_2.4GHz' (Possible Twin Collision). (SSID: HENG_2.4GHz, MAC: 6c442a7e7fc0)
2026-03-11 17:37:17,478 - WiFiDetector - ERROR - [CRITICAL] WHITELIST_BREACH: BLOCK: Unauthorized ROGUE-SIMULATOR device hijacking secure SSID 'HENG_2.4GHz'. (SSID: HENG_2.4GHz, MAC: deadbeefff01)
2026-03-11 17:37:22,548 - WiFiDetector - ERROR - [CRITICAL] WHITELIST_BREACH: BLOCK: Unauthorized Generic Vendor device hijacking secure SSID 'HENG_2.4GHz'. (SSID: HENG_2.4GHz, MAC: faca4b2702ac)
2026-03-11 17:37:22,549 - WiFiDetector - ERROR - [CRITICAL] CHANNEL_HIJACK: CHANNEL_COLLISION: High-power signal overlap on Channel 8 for SSID 'HENG_2.4GHz' (Possible Twin Collision). (SSID: HENG_2.4GHz, MAC: 6c442a7e7fc0)
2026-03-11 17:37:22,549 - WiFiDetector - ERROR - [CRITICAL] WHITELIST_BREACH: BLOCK: Unauthorized ROGUE-SIMULATOR device hijacking secure SSID 'HENG_2.4GHz'. (SSID: HENG_2.4GHz, MAC: deadbeefff01)
2026-03-11 17:37:27,620 - WiFiDetector - ERROR - [CRITICAL] WHITELIST_BREACH: BLOCK: Unauthorized Generic Vendor device hijacking secure SSID 'HENG_2.4GHz'. (SSID: HENG_2.4GHz, MAC: faca4b2702ac)
2026-03-11 17:37:27,620 - WiFiDetector - ERROR - [CRITICAL] CHANNEL_HIJACK: CHANNEL_COLLISION: High-power signal overlap on Channel 8 for SSID 'HENG_2.4GHz' (Possible Twin Collision). (SSID: HENG_2.4GHz, MAC: 6c442a7e7fc0)
2026-03-11 17:37:27,621 - WiFiDetector - ERROR - [CRITICAL] WHITELIST_BREACH: BLOCK: Unauthorized ROGUE-SIMULATOR device hijacking secure SSID 'HENG_2.4GHz'. (SSID: HENG_2.4GHz, MAC: deadbeefff01)
2026-03-11 17:37:29,355 - WiFiDetector - ERROR - [CRITICAL] EVIL_TWIN_DETECTED: CRITICAL: Unauthorized Generic Vendor device hijacking whitelisted SSID 'HENG_2.4GHz'. (SSID: HENG_2.4GHz, MAC: faca4b2702ac)
2026-03-11 17:37:32,692 - WiFiDetector - ERROR - [CRITICAL] WHITELIST_BREACH: BLOCK: Unauthorized Generic Vendor device hijacking secure SSID 'HENG_2.4GHz'. (SSID: HENG_2.4GHz, MAC: faca4b2702ac)
2026-03-11 17:37:32,693 - WiFiDetector - ERROR - [CRITICAL] CHANNEL_HIJACK: CHANNEL_COLLISION: High-power signal overlap on Channel 8 for SSID 'HENG_2.4GHz' (Possible Twin Collision). (SSID: HENG_2.4GHz, MAC: 6c442a7e7fc0)
2026-03-11 17:37:32,693 - WiFiDetector - ERROR - [CRITICAL] WHITELIST_BREACH: BLOCK: Unauthorized ROGUE-SIMULATOR device hijacking secure SSID 'HENG_2.4GHz'. (SSID: HENG_2.4GHz, MAC: deadbeefff01)
2026-03-11 17:37:37,764 - WiFiDetector - ERROR - [CRITICAL] WHITELIST_BREACH: BLOCK: Unauthorized Generic Vendor device hijacking secure SSID 'HENG_2.4GHz'. (SSID: HENG_2.4GHz, MAC: faca4b2702ac)
2026-03-11 17:37:37,780 - WiFiDetector - ERROR - [CRITICAL] CHANNEL_HIJACK: CHANNEL_COLLISION: High-power signal overlap on Channel 8 for SSID 'HENG_2.4GHz' (Possible Twin Collision). (SSID: HENG_2.4GHz, MAC: 6c442a7e7fc0)
2026-03-11 17:37:37,781 - WiFiDetector - ERROR - [CRITICAL] WHITELIST_BREACH: BLOCK: Unauthorized ROGUE-SIMULATOR device hijacking secure SSID 'HENG_2.4GHz'. (SSID: HENG_2.4GHz, MAC: deadbeefff01)
2026-03-11 17:37:42,852 - WiFiDetector - ERROR - [CRITICAL] WHITELIST_BREACH: BLOCK: Unauthorized Generic Vendor device hijacking secure SSID 'HENG_2.4GHz'. (SSID: HENG_2.4GHz, MAC: faca4b2702ac)
2026-03-11 17:37:42,853 - WiFiDetector - ERROR - [CRITICAL] CHANNEL_HIJACK: CHANNEL_COLLISION: High-power signal overlap on Channel 8 for SSID 'HENG_2.4GHz' (Possible Twin Collision). (SSID: HENG_2.4GHz, MAC: 6c442a7e7fc0)
2026-03-11 17:37:42,853 - WiFiDetector - ERROR - [CRITICAL] WHITELIST_BREACH: BLOCK: Unauthorized ROGUE-SIMULATOR device hijacking secure SSID 'HENG_2.4GHz'. (SSID: HENG_2.4GHz, MAC: deadbeefff01)
2026-03-11 17:37:47,926 - WiFiDetector - ERROR - [CRITICAL] WHITELIST_BREACH: BLOCK: Unauthorized Generic Vendor device hijacking secure SSID 'HENG_2.4GHz'. (SSID: HENG_2.4GHz, MAC: faca4b2702ac)
2026-03-11 17:37:47,943 - WiFiDetector - ERROR - [CRITICAL] CHANNEL_HIJACK: CHANNEL_COLLISION: High-power signal overlap on Channel 8 for SSID 'HENG_2.4GHz' (Possible Twin Collision). (SSID: HENG_2.4GHz, MAC: 6c442a7e7fc0)
2026-03-11 17:37:47,943 - WiFiDetector - ERROR - [CRITICAL] WHITELIST_BREACH: BLOCK: Unauthorized ROGUE-SIMULATOR device hijacking secure SSID 'HENG_2.4GHz'. (SSID: HENG_2.4GHz, MAC: deadbeefff01)
2026-03-11 17:37:49,438 - WiFiDetector - ERROR - [CRITICAL] EVIL_TWIN_DETECTED: CRITICAL: Unauthorized Generic Vendor device hijacking whitelisted SSID 'HENG_2.4GHz'. (SSID: HENG_2.4GHz, MAC: faca4b2702ac)
2026-03-11 17:37:53,015 - WiFiDetector - ERROR - [CRITICAL] WHITELIST_BREACH: BLOCK: Unauthorized Generic Vendor device hijacking secure SSID 'HENG_2.4GHz'. (SSID: HENG_2.4GHz, MAC: faca4b2702ac)
2026-03-11 17:37:53,019 - WiFiDetector - ERROR - [CRITICAL] CHANNEL_HIJACK: CHANNEL_COLLISION: High-power signal overlap on Channel 8 for SSID 'HENG_2.4GHz' (Possible Twin Collision). (SSID: HENG_2.4GHz, MAC: 6c442a7e7fc0)
2026-03-11 17:37:53,019 - WiFiDetector - ERROR - [CRITICAL] WHITELIST_BREACH: BLOCK: Unauthorized ROGUE-SIMULATOR device hijacking secure SSID 'HENG_2.4GHz'. (SSID: HENG_2.4GHz, MAC: deadbeefff01)
2026-03-11 17:37:58,090 - WiFiDetector - ERROR - [CRITICAL] WHITELIST_BREACH: BLOCK: Unauthorized Generic Vendor device hijacking secure SSID 'HENG_2.4GHz'. (SSID: HENG_2.4GHz, MAC: faca4b2702ac)
2026-03-11 17:37:58,091 - WiFiDetector - ERROR - [CRITICAL] CHANNEL_HIJACK: CHANNEL_COLLISION: High-power signal overlap on Channel 8 for SSID 'HENG_2.4GHz' (Possible Twin Collision). (SSID: HENG_2.4GHz, MAC: 6c442a7e7fc0)
2026-03-11 17:37:58,091 - WiFiDetector - ERROR - [CRITICAL] WHITELIST_BREACH: BLOCK: Unauthorized ROGUE-SIMULATOR device hijacking secure SSID 'HENG_2.4GHz'. (SSID: HENG_2.4GHz, MAC: deadbeefff01)
2026-03-11 17:38:03,162 - WiFiDetector - ERROR - [CRITICAL] WHITELIST_BREACH: BLOCK: Unauthorized Generic Vendor device hijacking secure SSID 'HENG_2.4GHz'. (SSID: HENG_2.4GHz, MAC: faca4b2702ac)
2026-03-11 17:38:03,163 - WiFiDetector - ERROR - [CRITICAL] CHANNEL_HIJACK: CHANNEL_COLLISION: High-power signal overlap on Channel 8 for SSID 'HENG_2.4GHz' (Possible Twin Collision). (SSID: HENG_2.4GHz, MAC: 6c442a7e7fc0)
2026-03-11 17:38:03,163 - WiFiDetector - ERROR - [CRITICAL] WHITELIST_BREACH: BLOCK: Unauthorized ROGUE-SIMULATOR device hijacking secure SSID 'HENG_2.4GHz'. (SSID: HENG_2.4GHz, MAC: deadbeefff01)
2026-03-11 17:38:08,235 - WiFiDetector - ERROR - [CRITICAL] WHITELIST_BREACH: BLOCK: Unauthorized Generic Vendor device hijacking secure SSID 'HENG_2.4GHz'. (SSID: HENG_2.4GHz, MAC: faca4b2702ac)
2026-03-11 17:38:08,235 - WiFiDetector - ERROR - [CRITICAL] CHANNEL_HIJACK: CHANNEL_COLLISION: High-power signal overlap on Channel 8 for SSID 'HENG_2.4GHz' (Possible Twin Collision). (SSID: HENG_2.4GHz, MAC: 6c442a7e7fc0)
2026-03-11 17:38:08,236 - WiFiDetector - ERROR - [CRITICAL] WHITELIST_BREACH: BLOCK: Unauthorized ROGUE-SIMULATOR device hijacking secure SSID 'HENG_2.4GHz'. (SSID: HENG_2.4GHz, MAC: deadbeefff01)
2026-03-11 17:38:09,520 - WiFiDetector - ERROR - [CRITICAL] EVIL_TWIN_DETECTED: CRITICAL: Unauthorized Generic Vendor device hijacking whitelisted SSID 'HENG_2.4GHz'. (SSID: HENG_2.4GHz, MAC: faca4b2702ac)
2026-03-11 17:38:13,308 - WiFiDetector - ERROR - [CRITICAL] WHITELIST_BREACH: BLOCK: Unauthorized Generic Vendor device hijacking secure SSID 'HENG_2.4GHz'. (SSID: HENG_2.4GHz, MAC: faca4b2702ac)
2026-03-11 17:38:13,308 - WiFiDetector - ERROR - [CRITICAL] CHANNEL_HIJACK: CHANNEL_COLLISION: High-power signal overlap on Channel 8 for SSID 'HENG_2.4GHz' (Possible Twin Collision). (SSID: HENG_2.4GHz, MAC: 6c442a7e7fc0)
2026-03-11 17:38:13,309 - WiFiDetector - ERROR - [CRITICAL] WHITELIST_BREACH: BLOCK: Unauthorized ROGUE-SIMULATOR device hijacking secure SSID 'HENG_2.4GHz'. (SSID: HENG_2.4GHz, MAC: deadbeefff01)
2026-03-11 17:38:18,380 - WiFiDetector - ERROR - [CRITICAL] WHITELIST_BREACH: BLOCK: Unauthorized Generic Vendor device hijacking secure SSID 'HENG_2.4GHz'. (SSID: HENG_2.4GHz, MAC: faca4b2702ac)
2026-03-11 17:38:18,380 - WiFiDetector - ERROR - [CRITICAL] CHANNEL_HIJACK: CHANNEL_COLLISION: High-power signal overlap on Channel 8 for SSID 'HENG_2.4GHz' (Possible Twin Collision). (SSID: HENG_2.4GHz, MAC: 6c442a7e7fc0)
2026-03-11 17:38:18,381 - WiFiDetector - ERROR - [CRITICAL] WHITELIST_BREACH: BLOCK: Unauthorized ROGUE-SIMULATOR device hijacking secure SSID 'HENG_2.4GHz'. (SSID: HENG_2.4GHz, MAC: deadbeefff01)
2026-03-11 17:38:23,454 - WiFiDetector - ERROR - [CRITICAL] WHITELIST_BREACH: BLOCK: Unauthorized Generic Vendor device hijacking secure SSID 'HENG_2.4GHz'. (SSID: HENG_2.4GHz, MAC: faca4b2702ac)
2026-03-11 17:38:23,454 - WiFiDetector - ERROR - [CRITICAL] CHANNEL_HIJACK: CHANNEL_COLLISION: High-power signal overlap on Channel 8 for SSID 'HENG_2.4GHz' (Possible Twin Collision). (SSID: HENG_2.4GHz, MAC: 6c442a7e7fc0)
2026-03-11 17:38:23,454 - WiFiDetector - ERROR - [CRITICAL] WHITELIST_BREACH: BLOCK: Unauthorized ROGUE-SIMULATOR device hijacking secure SSID 'HENG_2.4GHz'. (SSID: HENG_2.4GHz, MAC: deadbeefff01)
2026-03-11 17:38:28,526 - WiFiDetector - ERROR - [CRITICAL] WHITELIST_BREACH: BLOCK: Unauthorized Generic Vendor device hijacking secure SSID 'HENG_2.4GHz'. (SSID: HENG_2.4GHz, MAC: faca4b2702ac)
2026-03-11 17:38:28,527 - WiFiDetector - ERROR - [CRITICAL] CHANNEL_HIJACK: CHANNEL_COLLISION: High-power signal overlap on Channel 8 for SSID 'HENG_2.4GHz' (Possible Twin Collision). (SSID: HENG_2.4GHz, MAC: 6c442a7e7fc0)
2026-03-11 17:38:28,527 - WiFiDetector - ERROR - [CRITICAL] WHITELIST_BREACH: BLOCK: Unauthorized ROGUE-SIMULATOR device hijacking secure SSID 'HENG_2.4GHz'. (SSID: HENG_2.4GHz, MAC: deadbeefff01)
2026-03-11 17:38:29,606 - WiFiDetector - ERROR - [CRITICAL] EVIL_TWIN_DETECTED: CRITICAL: Unauthorized Generic Vendor device hijacking whitelisted SSID 'HENG_2.4GHz'. (SSID: HENG_2.4GHz, MAC: faca4b2702ac)
2026-03-11 17:38:33,599 - WiFiDetector - ERROR - [CRITICAL] WHITELIST_BREACH: BLOCK: Unauthorized Generic Vendor device hijacking secure SSID 'HENG_2.4GHz'. (SSID: HENG_2.4GHz, MAC: faca4b2702ac)
2026-03-11 17:38:33,600 - WiFiDetector - ERROR - [CRITICAL] CHANNEL_HIJACK: CHANNEL_COLLISION: High-power signal overlap on Channel 8 for SSID 'HENG_2.4GHz' (Possible Twin Collision). (SSID: HENG_2.4GHz, MAC: 6c442a7e7fc0)
2026-03-11 17:38:33,600 - WiFiDetector - ERROR - [CRITICAL] WHITELIST_BREACH: BLOCK: Unauthorized ROGUE-SIMULATOR device hijacking secure SSID 'HENG_2.4GHz'. (SSID: HENG_2.4GHz, MAC: deadbeefff01)
2026-03-11 17:38:38,671 - WiFiDetector - ERROR - [CRITICAL] WHITELIST_BREACH: BLOCK: Unauthorized Generic Vendor device hijacking secure SSID 'HENG_2.4GHz'. (SSID: HENG_2.4GHz, MAC: faca4b2702ac)
2026-03-11 17:38:38,672 - WiFiDetector - ERROR - [CRITICAL] CHANNEL_HIJACK: CHANNEL_COLLISION: High-power signal overlap on Channel 8 for SSID 'HENG_2.4GHz' (Possible Twin Collision). (SSID: HENG_2.4GHz, MAC: 6c442a7e7fc0)
2026-03-11 17:38:38,672 - WiFiDetector - ERROR - [CRITICAL] WHITELIST_BREACH: BLOCK: Unauthorized ROGUE-SIMULATOR device hijacking secure SSID 'HENG_2.4GHz'. (SSID: HENG_2.4GHz, MAC: deadbeefff01)
2026-03-11 17:38:43,744 - WiFiDetector - ERROR - [CRITICAL] WHITELIST_BREACH: BLOCK: Unauthorized Generic Vendor device hijacking secure SSID 'HENG_2.4GHz'. (SSID: HENG_2.4GHz, MAC: faca4b2702ac)
2026-03-11 17:38:43,758 - WiFiDetector - ERROR - [CRITICAL] CHANNEL_HIJACK: CHANNEL_COLLISION: High-power signal overlap on Channel 8 for SSID 'HENG_2.4GHz' (Possible Twin Collision). (SSID: HENG_2.4GHz, MAC: 6c442a7e7fc0)
2026-03-11 17:38:43,758 - WiFiDetector - ERROR - [CRITICAL] WHITELIST_BREACH: BLOCK: Unauthorized ROGUE-SIMULATOR device hijacking secure SSID 'HENG_2.4GHz'. (SSID: HENG_2.4GHz, MAC: deadbeefff01)
2026-03-11 17:38:48,832 - WiFiDetector - ERROR - [CRITICAL] WHITELIST_BREACH: BLOCK: Unauthorized Generic Vendor device hijacking secure SSID 'HENG_2.4GHz'. (SSID: HENG_2.4GHz, MAC: faca4b2702ac)
2026-03-11 17:38:48,832 - WiFiDetector - ERROR - [CRITICAL] CHANNEL_HIJACK: CHANNEL_COLLISION: High-power signal overlap on Channel 8 for SSID 'HENG_2.4GHz' (Possible Twin Collision). (SSID: HENG_2.4GHz, MAC: 6c442a7e7fc0)
2026-03-11 17:38:48,833 - WiFiDetector - ERROR - [CRITICAL] WHITELIST_BREACH: BLOCK: Unauthorized ROGUE-SIMULATOR device hijacking secure SSID 'HENG_2.4GHz'. (SSID: HENG_2.4GHz, MAC: deadbeefff01)
2026-03-11 17:38:49,690 - WiFiDetector - ERROR - [CRITICAL] EVIL_TWIN_DETECTED: CRITICAL: Unauthorized Generic Vendor device hijacking whitelisted SSID 'HENG_2.4GHz'. (SSID: HENG_2.4GHz, MAC: faca4b2702ac)
2026-03-11 17:38:53,904 - WiFiDetector - ERROR - [CRITICAL] WHITELIST_BREACH: BLOCK: Unauthorized Generic Vendor device hijacking secure SSID 'HENG_2.4GHz'. (SSID: HENG_2.4GHz, MAC: faca4b2702ac)
2026-03-11 17:38:53,905 - WiFiDetector - ERROR - [CRITICAL] CHANNEL_HIJACK: CHANNEL_COLLISION: High-power signal overlap on Channel 8 for SSID 'HENG_2.4GHz' (Possible Twin Collision). (SSID: HENG_2.4GHz, MAC: 6c442a7e7fc0)
2026-03-11 17:38:53,905 - WiFiDetector - ERROR - [CRITICAL] WHITELIST_BREACH: BLOCK: Unauthorized ROGUE-SIMULATOR device hijacking secure SSID 'HENG_2.4GHz'. (SSID: HENG_2.4GHz, MAC: deadbeefff01)
2026-03-11 17:38:58,976 - WiFiDetector - ERROR - [CRITICAL] WHITELIST_BREACH: BLOCK: Unauthorized Generic Vendor device hijacking secure SSID 'HENG_2.4GHz'. (SSID: HENG_2.4GHz, MAC: faca4b2702ac)
2026-03-11 17:38:58,978 - WiFiDetector - ERROR - [CRITICAL] CHANNEL_HIJACK: CHANNEL_COLLISION: High-power signal overlap on Channel 8 for SSID 'HENG_2.4GHz' (Possible Twin Collision). (SSID: HENG_2.4GHz, MAC: 6c442a7e7fc0)
2026-03-11 17:38:58,979 - WiFiDetector - ERROR - [CRITICAL] WHITELIST_BREACH: BLOCK: Unauthorized ROGUE-SIMULATOR device hijacking secure SSID 'HENG_2.4GHz'. (SSID: HENG_2.4GHz, MAC: deadbeefff01)
2026-03-11 17:39:04,053 - WiFiDetector - ERROR - [CRITICAL] WHITELIST_BREACH: BLOCK: Unauthorized Generic Vendor device hijacking secure SSID 'HENG_2.4GHz'. (SSID: HENG_2.4GHz, MAC: faca4b2702ac)
2026-03-11 17:39:04,053 - WiFiDetector - ERROR - [CRITICAL] CHANNEL_HIJACK: CHANNEL_COLLISION: High-power signal overlap on Channel 8 for SSID 'HENG_2.4GHz' (Possible Twin Collision). (SSID: HENG_2.4GHz, MAC: 6c442a7e7fc0)
2026-03-11 17:39:04,053 - WiFiDetector - ERROR - [CRITICAL] WHITELIST_BREACH: BLOCK: Unauthorized ROGUE-SIMULATOR device hijacking secure SSID 'HENG_2.4GHz'. (SSID: HENG_2.4GHz, MAC: deadbeefff01)
2026-03-11 17:39:09,132 - WiFiDetector - ERROR - [CRITICAL] WHITELIST_BREACH: BLOCK: Unauthorized Generic Vendor device hijacking secure SSID 'HENG_2.4GHz'. (SSID: HENG_2.4GHz, MAC: faca4b2702ac)
2026-03-11 17:39:09,132 - WiFiDetector - ERROR - [CRITICAL] CHANNEL_HIJACK: CHANNEL_COLLISION: High-power signal overlap on Channel 8 for SSID 'HENG_2.4GHz' (Possible Twin Collision). (SSID: HENG_2.4GHz, MAC: 6c442a7e7fc0)
2026-03-11 17:39:09,133 - WiFiDetector - ERROR - [CRITICAL] WHITELIST_BREACH: BLOCK: Unauthorized ROGUE-SIMULATOR device hijacking secure SSID 'HENG_2.4GHz'. (SSID: HENG_2.4GHz, MAC: deadbeefff01)
2026-03-11 17:39:09,779 - WiFiDetector - ERROR - [CRITICAL] EVIL_TWIN_DETECTED: CRITICAL: Unauthorized Generic Vendor device hijacking whitelisted SSID 'HENG_2.4GHz'. (SSID: HENG_2.4GHz, MAC: faca4b2702ac)
2026-03-11 17:39:14,210 - WiFiDetector - ERROR - [CRITICAL] WHITELIST_BREACH: BLOCK: Unauthorized Generic Vendor device hijacking secure SSID 'HENG_2.4GHz'. (SSID: HENG_2.4GHz, MAC: faca4b2702ac)
2026-03-11 17:39:14,211 - WiFiDetector - ERROR - [CRITICAL] CHANNEL_HIJACK: CHANNEL_COLLISION: High-power signal overlap on Channel 8 for SSID 'HENG_2.4GHz' (Possible Twin Collision). (SSID: HENG_2.4GHz, MAC: 6c442a7e7fc0)
2026-03-11 17:39:14,211 - WiFiDetector - ERROR - [CRITICAL] WHITELIST_BREACH: BLOCK: Unauthorized ROGUE-SIMULATOR device hijacking secure SSID 'HENG_2.4GHz'. (SSID: HENG_2.4GHz, MAC: deadbeefff01)
2026-03-11 17:39:19,287 - WiFiDetector - ERROR - [CRITICAL] WHITELIST_BREACH: BLOCK: Unauthorized Generic Vendor device hijacking secure SSID 'HENG_2.4GHz'. (SSID: HENG_2.4GHz, MAC: faca4b2702ac)
2026-03-11 17:39:19,288 - WiFiDetector - ERROR - [CRITICAL] CHANNEL_HIJACK: CHANNEL_COLLISION: High-power signal overlap on Channel 8 for SSID 'HENG_2.4GHz' (Possible Twin Collision). (SSID: HENG_2.4GHz, MAC: 6c442a7e7fc0)
2026-03-11 17:39:19,288 - WiFiDetector - ERROR - [CRITICAL] WHITELIST_BREACH: BLOCK: Unauthorized ROGUE-SIMULATOR device hijacking secure SSID 'HENG_2.4GHz'. (SSID: HENG_2.4GHz, MAC: deadbeefff01)
2026-03-11 17:39:24,366 - WiFiDetector - ERROR - [CRITICAL] WHITELIST_BREACH: BLOCK: Unauthorized Generic Vendor device hijacking secure SSID 'HENG_2.4GHz'. (SSID: HENG_2.4GHz, MAC: faca4b2702ac)
2026-03-11 17:39:24,367 - WiFiDetector - ERROR - [CRITICAL] CHANNEL_HIJACK: CHANNEL_COLLISION: High-power signal overlap on Channel 8 for SSID 'HENG_2.4GHz' (Possible Twin Collision). (SSID: HENG_2.4GHz, MAC: 6c442a7e7fc0)
2026-03-11 17:39:24,367 - WiFiDetector - ERROR - [CRITICAL] WHITELIST_BREACH: BLOCK: Unauthorized ROGUE-SIMULATOR device hijacking secure SSID 'HENG_2.4GHz'. (SSID: HENG_2.4GHz, MAC: deadbeefff01)
2026-03-11 17:39:27,924 - WiFiDetector - INFO - System Shutdown.
2026-03-11 17:39:29,478 - WiFiDetector - INFO - Universal Cyber SOC Monitor started.
2026-03-11 17:39:29,551 - WiFiDetector - ERROR - [CRITICAL] WHITELIST_BREACH: BLOCK: Unauthorized Generic Vendor device hijacking secure SSID 'HENG_2.4GHz'. (SSID: HENG_2.4GHz, MAC: faca4b2702ac)
2026-03-11 17:39:29,552 - WiFiDetector - ERROR - [CRITICAL] CHANNEL_HIJACK: CHANNEL_COLLISION: High-power overlap on Ch 8 for 'HENG_2.4GHz'. Trusted AP is being masked by an unknown device. (SSID: HENG_2.4GHz, MAC: 6c442a7e7fc0)
2026-03-11 17:39:29,868 - WiFiDetector - ERROR - [CRITICAL] EVIL_TWIN_DETECTED: CRITICAL: Unauthorized Generic Vendor device hijacking whitelisted SSID 'HENG_2.4GHz'. (SSID: HENG_2.4GHz, MAC: faca4b2702ac)
2026-03-11 17:39:34,623 - WiFiDetector - ERROR - [CRITICAL] WHITELIST_BREACH: BLOCK: Unauthorized Generic Vendor device hijacking secure SSID 'HENG_2.4GHz'. (SSID: HENG_2.4GHz, MAC: faca4b2702ac)
2026-03-11 17:39:34,623 - WiFiDetector - ERROR - [CRITICAL] CHANNEL_HIJACK: CHANNEL_COLLISION: High-power overlap on Ch 8 for 'HENG_2.4GHz'. Trusted AP is being masked by an unknown device. (SSID: HENG_2.4GHz, MAC: 6c442a7e7fc0)
2026-03-11 17:39:39,695 - WiFiDetector - ERROR - [CRITICAL] WHITELIST_BREACH: BLOCK: Unauthorized Generic Vendor device hijacking secure SSID 'HENG_2.4GHz'. (SSID: HENG_2.4GHz, MAC: faca4b2702ac)
2026-03-11 17:39:39,695 - WiFiDetector - ERROR - [CRITICAL] CHANNEL_HIJACK: CHANNEL_COLLISION: High-power overlap on Ch 8 for 'HENG_2.4GHz'. Trusted AP is being masked by an unknown device. (SSID: HENG_2.4GHz, MAC: 6c442a7e7fc0)
2026-03-11 17:39:44,767 - WiFiDetector - ERROR - [CRITICAL] WHITELIST_BREACH: BLOCK: Unauthorized Generic Vendor device hijacking secure SSID 'HENG_2.4GHz'. (SSID: HENG_2.4GHz, MAC: faca4b2702ac)
2026-03-11 17:39:44,767 - WiFiDetector - ERROR - [CRITICAL] CHANNEL_HIJACK: CHANNEL_COLLISION: High-power overlap on Ch 8 for 'HENG_2.4GHz'. Trusted AP is being masked by an unknown device. (SSID: HENG_2.4GHz, MAC: 6c442a7e7fc0)
2026-03-11 17:39:49,839 - WiFiDetector - ERROR - [CRITICAL] WHITELIST_BREACH: BLOCK: Unauthorized Generic Vendor device hijacking secure SSID 'HENG_2.4GHz'. (SSID: HENG_2.4GHz, MAC: faca4b2702ac)
2026-03-11 17:39:49,855 - WiFiDetector - ERROR - [CRITICAL] CHANNEL_HIJACK: CHANNEL_COLLISION: High-power overlap on Ch 8 for 'HENG_2.4GHz'. Trusted AP is being masked by an unknown device. (SSID: HENG_2.4GHz, MAC: 6c442a7e7fc0)
2026-03-11 17:39:49,956 - WiFiDetector - ERROR - [CRITICAL] EVIL_TWIN_DETECTED: CRITICAL: Unauthorized Generic Vendor device hijacking whitelisted SSID 'HENG_2.4GHz'. (SSID: HENG_2.4GHz, MAC: faca4b2702ac)
2026-03-11 17:39:54,702 - WiFiDetector - INFO - System Shutdown.
2026-03-11 17:39:59,466 - WiFiDetector - INFO - Universal Cyber SOC Monitor started.
2026-03-11 17:39:59,532 - WiFiDetector - ERROR - [CRITICAL] WHITELIST_BREACH: BLOCK: Unauthorized Generic Vendor device hijacking secure SSID 'HENG_2.4GHz'. (SSID: HENG_2.4GHz, MAC: faca4b2702ac)
2026-03-11 17:39:59,533 - WiFiDetector - ERROR - [CRITICAL] CHANNEL_HIJACK: CHANNEL_COLLISION: High-power overlap on Ch 8 for 'HENG_2.4GHz'. Trusted AP is being masked by an unknown device. (SSID: HENG_2.4GHz, MAC: 6c442a7e7fc0)
2026-03-11 17:40:04,604 - WiFiDetector - ERROR - [CRITICAL] WHITELIST_BREACH: BLOCK: Unauthorized Generic Vendor device hijacking secure SSID 'HENG_2.4GHz'. (SSID: HENG_2.4GHz, MAC: faca4b2702ac)
2026-03-11 17:40:04,605 - WiFiDetector - ERROR - [CRITICAL] CHANNEL_HIJACK: CHANNEL_COLLISION: High-power overlap on Ch 8 for 'HENG_2.4GHz'. Trusted AP is being masked by an unknown device. (SSID: HENG_2.4GHz, MAC: 6c442a7e7fc0)
2026-03-11 17:40:09,676 - WiFiDetector - ERROR - [CRITICAL] WHITELIST_BREACH: BLOCK: Unauthorized Generic Vendor device hijacking secure SSID 'HENG_2.4GHz'. (SSID: HENG_2.4GHz, MAC: faca4b2702ac)
2026-03-11 17:40:09,677 - WiFiDetector - ERROR - [CRITICAL] CHANNEL_HIJACK: CHANNEL_COLLISION: High-power overlap on Ch 8 for 'HENG_2.4GHz'. Trusted AP is being masked by an unknown device. (SSID: HENG_2.4GHz, MAC: 6c442a7e7fc0)
2026-03-11 17:40:14,749 - WiFiDetector - ERROR - [CRITICAL] WHITELIST_BREACH: BLOCK: Unauthorized Generic Vendor device hijacking secure SSID 'HENG_2.4GHz'. (SSID: HENG_2.4GHz, MAC: faca4b2702ac)
2026-03-11 17:40:14,749 - WiFiDetector - ERROR - [CRITICAL] CHANNEL_HIJACK: CHANNEL_COLLISION: High-power overlap on Ch 8 for 'HENG_2.4GHz'. Trusted AP is being masked by an unknown device. (SSID: HENG_2.4GHz, MAC: 6c442a7e7fc0)
2026-03-11 17:40:19,821 - WiFiDetector - ERROR - [CRITICAL] WHITELIST_BREACH: BLOCK: Unauthorized Generic Vendor device hijacking secure SSID 'HENG_2.4GHz'. (SSID: HENG_2.4GHz, MAC: faca4b2702ac)
2026-03-11 17:40:19,822 - WiFiDetector - ERROR - [CRITICAL] CHANNEL_HIJACK: CHANNEL_COLLISION: High-power overlap on Ch 8 for 'HENG_2.4GHz'. Trusted AP is being masked by an unknown device. (SSID: HENG_2.4GHz, MAC: 6c442a7e7fc0)
2026-03-11 17:40:24,892 - WiFiDetector - ERROR - [CRITICAL] WHITELIST_BREACH: BLOCK: Unauthorized Generic Vendor device hijacking secure SSID 'HENG_2.4GHz'. (SSID: HENG_2.4GHz, MAC: faca4b2702ac)
2026-03-11 17:40:24,893 - WiFiDetector - ERROR - [CRITICAL] CHANNEL_HIJACK: CHANNEL_COLLISION: High-power overlap on Ch 8 for 'HENG_2.4GHz'. Trusted AP is being masked by an unknown device. (SSID: HENG_2.4GHz, MAC: 6c442a7e7fc0)
2026-03-11 17:40:29,965 - WiFiDetector - ERROR - [CRITICAL] WHITELIST_BREACH: BLOCK: Unauthorized Generic Vendor device hijacking secure SSID 'HENG_2.4GHz'. (SSID: HENG_2.4GHz, MAC: faca4b2702ac)
2026-03-11 17:40:29,965 - WiFiDetector - ERROR - [CRITICAL] CHANNEL_HIJACK: CHANNEL_COLLISION: High-power overlap on Ch 8 for 'HENG_2.4GHz'. Trusted AP is being masked by an unknown device. (SSID: HENG_2.4GHz, MAC: 6c442a7e7fc0)
2026-03-11 17:40:35,037 - WiFiDetector - ERROR - [CRITICAL] WHITELIST_BREACH: BLOCK: Unauthorized Generic Vendor device hijacking secure SSID 'HENG_2.4GHz'. (SSID: HENG_2.4GHz, MAC: faca4b2702ac)
2026-03-11 17:40:35,037 - WiFiDetector - ERROR - [CRITICAL] CHANNEL_HIJACK: CHANNEL_COLLISION: High-power overlap on Ch 8 for 'HENG_2.4GHz'. Trusted AP is being masked by an unknown device. (SSID: HENG_2.4GHz, MAC: 6c442a7e7fc0)
2026-03-11 17:40:40,108 - WiFiDetector - ERROR - [CRITICAL] WHITELIST_BREACH: BLOCK: Unauthorized Generic Vendor device hijacking secure SSID 'HENG_2.4GHz'. (SSID: HENG_2.4GHz, MAC: faca4b2702ac)
2026-03-11 17:40:40,109 - WiFiDetector - ERROR - [CRITICAL] CHANNEL_HIJACK: CHANNEL_COLLISION: High-power overlap on Ch 8 for 'HENG_2.4GHz'. Trusted AP is being masked by an unknown device. (SSID: HENG_2.4GHz, MAC: 6c442a7e7fc0)
2026-03-11 17:40:45,180 - WiFiDetector - ERROR - [CRITICAL] WHITELIST_BREACH: BLOCK: Unauthorized Generic Vendor device hijacking secure SSID 'HENG_2.4GHz'. (SSID: HENG_2.4GHz, MAC: faca4b2702ac)
2026-03-11 17:40:45,180 - WiFiDetector - ERROR - [CRITICAL] CHANNEL_HIJACK: CHANNEL_COLLISION: High-power overlap on Ch 8 for 'HENG_2.4GHz'. Trusted AP is being masked by an unknown device. (SSID: HENG_2.4GHz, MAC: 6c442a7e7fc0)
2026-03-11 17:40:50,249 - WiFiDetector - ERROR - [CRITICAL] WHITELIST_BREACH: BLOCK: Unauthorized Generic Vendor device hijacking secure SSID 'HENG_2.4GHz'. (SSID: HENG_2.4GHz, MAC: faca4b2702ac)
2026-03-11 17:40:50,250 - WiFiDetector - ERROR - [CRITICAL] CHANNEL_HIJACK: CHANNEL_COLLISION: High-power overlap on Ch 8 for 'HENG_2.4GHz'. Trusted AP is being masked by an unknown device. (SSID: HENG_2.4GHz, MAC: 6c442a7e7fc0)
2026-03-11 17:40:55,320 - WiFiDetector - ERROR - [CRITICAL] WHITELIST_BREACH: BLOCK: Unauthorized Generic Vendor device hijacking secure SSID 'HENG_2.4GHz'. (SSID: HENG_2.4GHz, MAC: faca4b2702ac)
2026-03-11 17:40:55,321 - WiFiDetector - ERROR - [CRITICAL] CHANNEL_HIJACK: CHANNEL_COLLISION: High-power overlap on Ch 8 for 'HENG_2.4GHz'. Trusted AP is being masked by an unknown device. (SSID: HENG_2.4GHz, MAC: 6c442a7e7fc0)
2026-03-11 17:41:00,393 - WiFiDetector - ERROR - [CRITICAL] WHITELIST_BREACH: BLOCK: Unauthorized Generic Vendor device hijacking secure SSID 'HENG_2.4GHz'. (SSID: HENG_2.4GHz, MAC: faca4b2702ac)
2026-03-11 17:41:00,394 - WiFiDetector - ERROR - [CRITICAL] CHANNEL_HIJACK: CHANNEL_COLLISION: High-power overlap on Ch 8 for 'HENG_2.4GHz'. Trusted AP is being masked by an unknown device. (SSID: HENG_2.4GHz, MAC: 6c442a7e7fc0)
2026-03-11 17:41:05,465 - WiFiDetector - ERROR - [CRITICAL] WHITELIST_BREACH: BLOCK: Unauthorized Generic Vendor device hijacking secure SSID 'HENG_2.4GHz'. (SSID: HENG_2.4GHz, MAC: faca4b2702ac)
2026-03-11 17:41:05,465 - WiFiDetector - ERROR - [CRITICAL] CHANNEL_HIJACK: CHANNEL_COLLISION: High-power overlap on Ch 8 for 'HENG_2.4GHz'. Trusted AP is being masked by an unknown device. (SSID: HENG_2.4GHz, MAC: 6c442a7e7fc0)
2026-03-11 17:41:10,537 - WiFiDetector - ERROR - [CRITICAL] WHITELIST_BREACH: BLOCK: Unauthorized Generic Vendor device hijacking secure SSID 'HENG_2.4GHz'. (SSID: HENG_2.4GHz, MAC: faca4b2702ac)
2026-03-11 17:41:10,538 - WiFiDetector - ERROR - [CRITICAL] CHANNEL_HIJACK: CHANNEL_COLLISION: High-power overlap on Ch 8 for 'HENG_2.4GHz'. Trusted AP is being masked by an unknown device. (SSID: HENG_2.4GHz, MAC: 6c442a7e7fc0)
2026-03-11 17:41:15,609 - WiFiDetector - ERROR - [CRITICAL] WHITELIST_BREACH: BLOCK: Unauthorized Generic Vendor device hijacking secure SSID 'HENG_2.4GHz'. (SSID: HENG_2.4GHz, MAC: faca4b2702ac)
2026-03-11 17:41:15,609 - WiFiDetector - ERROR - [CRITICAL] CHANNEL_HIJACK: CHANNEL_COLLISION: High-power overlap on Ch 8 for 'HENG_2.4GHz'. Trusted AP is being masked by an unknown device. (SSID: HENG_2.4GHz, MAC: 6c442a7e7fc0)
2026-03-11 17:41:20,681 - WiFiDetector - ERROR - [CRITICAL] WHITELIST_BREACH: BLOCK: Unauthorized Generic Vendor device hijacking secure SSID 'HENG_2.4GHz'. (SSID: HENG_2.4GHz, MAC: faca4b2702ac)
2026-03-11 17:41:20,681 - WiFiDetector - ERROR - [CRITICAL] CHANNEL_HIJACK: CHANNEL_COLLISION: High-power overlap on Ch 8 for 'HENG_2.4GHz'. Trusted AP is being masked by an unknown device. (SSID: HENG_2.4GHz, MAC: 6c442a7e7fc0)
2026-03-11 17:41:25,752 - WiFiDetector - ERROR - [CRITICAL] WHITELIST_BREACH: BLOCK: Unauthorized Generic Vendor device hijacking secure SSID 'HENG_2.4GHz'. (SSID: HENG_2.4GHz, MAC: faca4b2702ac)
2026-03-11 17:41:25,758 - WiFiDetector - ERROR - [CRITICAL] CHANNEL_HIJACK: CHANNEL_COLLISION: High-power overlap on Ch 8 for 'HENG_2.4GHz'. Trusted AP is being masked by an unknown device. (SSID: HENG_2.4GHz, MAC: 6c442a7e7fc0)
2026-03-11 17:41:30,829 - WiFiDetector - ERROR - [CRITICAL] WHITELIST_BREACH: BLOCK: Unauthorized Generic Vendor device hijacking secure SSID 'HENG_2.4GHz'. (SSID: HENG_2.4GHz, MAC: faca4b2702ac)
2026-03-11 17:41:30,830 - WiFiDetector - ERROR - [CRITICAL] CHANNEL_HIJACK: CHANNEL_COLLISION: High-power overlap on Ch 8 for 'HENG_2.4GHz'. Trusted AP is being masked by an unknown device. (SSID: HENG_2.4GHz, MAC: 6c442a7e7fc0)
2026-03-11 17:41:35,901 - WiFiDetector - ERROR - [CRITICAL] WHITELIST_BREACH: BLOCK: Unauthorized Generic Vendor device hijacking secure SSID 'HENG_2.4GHz'. (SSID: HENG_2.4GHz, MAC: faca4b2702ac)
2026-03-11 17:41:35,902 - WiFiDetector - ERROR - [CRITICAL] CHANNEL_HIJACK: CHANNEL_COLLISION: High-power overlap on Ch 8 for 'HENG_2.4GHz'. Trusted AP is being masked by an unknown device. (SSID: HENG_2.4GHz, MAC: 6c442a7e7fc0)
2026-03-11 17:41:40,972 - WiFiDetector - ERROR - [CRITICAL] WHITELIST_BREACH: BLOCK: Unauthorized Generic Vendor device hijacking secure SSID 'HENG_2.4GHz'. (SSID: HENG_2.4GHz, MAC: faca4b2702ac)
2026-03-11 17:41:40,973 - WiFiDetector - ERROR - [CRITICAL] CHANNEL_HIJACK: CHANNEL_COLLISION: High-power overlap on Ch 8 for 'HENG_2.4GHz'. Trusted AP is being masked by an unknown device. (SSID: HENG_2.4GHz, MAC: 6c442a7e7fc0)
2026-03-11 17:41:46,044 - WiFiDetector - ERROR - [CRITICAL] WHITELIST_BREACH: BLOCK: Unauthorized Generic Vendor device hijacking secure SSID 'HENG_2.4GHz'. (SSID: HENG_2.4GHz, MAC: faca4b2702ac)
2026-03-11 17:41:46,045 - WiFiDetector - ERROR - [CRITICAL] CHANNEL_HIJACK: CHANNEL_COLLISION: High-power overlap on Ch 8 for 'HENG_2.4GHz'. Trusted AP is being masked by an unknown device. (SSID: HENG_2.4GHz, MAC: 6c442a7e7fc0)
2026-03-11 17:41:51,116 - WiFiDetector - ERROR - [CRITICAL] WHITELIST_BREACH: BLOCK: Unauthorized Generic Vendor device hijacking secure SSID 'HENG_2.4GHz'. (SSID: HENG_2.4GHz, MAC: faca4b2702ac)
2026-03-11 17:41:51,116 - WiFiDetector - ERROR - [CRITICAL] CHANNEL_HIJACK: CHANNEL_COLLISION: High-power overlap on Ch 8 for 'HENG_2.4GHz'. Trusted AP is being masked by an unknown device. (SSID: HENG_2.4GHz, MAC: 6c442a7e7fc0)
2026-03-11 17:41:56,187 - WiFiDetector - ERROR - [CRITICAL] WHITELIST_BREACH: BLOCK: Unauthorized Generic Vendor device hijacking secure SSID 'HENG_2.4GHz'. (SSID: HENG_2.4GHz, MAC: faca4b2702ac)
2026-03-11 17:41:56,188 - WiFiDetector - ERROR - [CRITICAL] CHANNEL_HIJACK: CHANNEL_COLLISION: High-power overlap on Ch 8 for 'HENG_2.4GHz'. Trusted AP is being masked by an unknown device. (SSID: HENG_2.4GHz, MAC: 6c442a7e7fc0)
2026-03-11 17:42:01,259 - WiFiDetector - ERROR - [CRITICAL] WHITELIST_BREACH: BLOCK: Unauthorized Generic Vendor device hijacking secure SSID 'HENG_2.4GHz'. (SSID: HENG_2.4GHz, MAC: faca4b2702ac)
2026-03-11 17:42:01,260 - WiFiDetector - ERROR - [CRITICAL] CHANNEL_HIJACK: CHANNEL_COLLISION: High-power overlap on Ch 8 for 'HENG_2.4GHz'. Trusted AP is being masked by an unknown device. (SSID: HENG_2.4GHz, MAC: 6c442a7e7fc0)
2026-03-11 17:42:06,331 - WiFiDetector - ERROR - [CRITICAL] WHITELIST_BREACH: BLOCK: Unauthorized Generic Vendor device hijacking secure SSID 'HENG_2.4GHz'. (SSID: HENG_2.4GHz, MAC: faca4b2702ac)
2026-03-11 17:42:06,331 - WiFiDetector - ERROR - [CRITICAL] CHANNEL_HIJACK: CHANNEL_COLLISION: High-power overlap on Ch 8 for 'HENG_2.4GHz'. Trusted AP is being masked by an unknown device. (SSID: HENG_2.4GHz, MAC: 6c442a7e7fc0)
2026-03-11 17:42:11,409 - WiFiDetector - ERROR - [CRITICAL] CHANNEL_HIJACK: CHANNEL_COLLISION: High-power overlap on Ch 8 for 'HENG_2.4GHz'. Trusted AP is being masked by an unknown device. (SSID: HENG_2.4GHz, MAC: faca4b2702ac)
2026-03-11 17:42:11,409 - WiFiDetector - ERROR - [CRITICAL] WHITELIST_BREACH: BLOCK: Unauthorized Generic Vendor device hijacking secure SSID 'HENG_2.4GHz'. (SSID: HENG_2.4GHz, MAC: faca4b2702ac)
2026-03-11 17:42:16,486 - WiFiDetector - ERROR - [CRITICAL] CHANNEL_HIJACK: CHANNEL_COLLISION: High-power overlap on Ch 8 for 'HENG_2.4GHz'. Trusted AP is being masked by an unknown device. (SSID: HENG_2.4GHz, MAC: faca4b2702ac)
2026-03-11 17:42:16,487 - WiFiDetector - ERROR - [CRITICAL] WHITELIST_BREACH: BLOCK: Unauthorized Generic Vendor device hijacking secure SSID 'HENG_2.4GHz'. (SSID: HENG_2.4GHz, MAC: faca4b2702ac)
2026-03-11 17:42:21,565 - WiFiDetector - ERROR - [CRITICAL] CHANNEL_HIJACK: CHANNEL_COLLISION: High-power overlap on Ch 8 for 'HENG_2.4GHz'. Trusted AP is being masked by an unknown device. (SSID: HENG_2.4GHz, MAC: faca4b2702ac)
2026-03-11 17:42:21,567 - WiFiDetector - ERROR - [CRITICAL] WHITELIST_BREACH: BLOCK: Unauthorized Generic Vendor device hijacking secure SSID 'HENG_2.4GHz'. (SSID: HENG_2.4GHz, MAC: faca4b2702ac)
2026-03-11 17:42:26,644 - WiFiDetector - ERROR - [CRITICAL] CHANNEL_HIJACK: CHANNEL_COLLISION: High-power overlap on Ch 8 for 'HENG_2.4GHz'. Trusted AP is being masked by an unknown device. (SSID: HENG_2.4GHz, MAC: faca4b2702ac)
2026-03-11 17:42:26,644 - WiFiDetector - ERROR - [CRITICAL] WHITELIST_BREACH: BLOCK: Unauthorized Generic Vendor device hijacking secure SSID 'HENG_2.4GHz'. (SSID: HENG_2.4GHz, MAC: faca4b2702ac)
2026-03-11 17:42:31,722 - WiFiDetector - ERROR - [CRITICAL] CHANNEL_HIJACK: CHANNEL_COLLISION: High-power overlap on Ch 8 for 'HENG_2.4GHz'. Trusted AP is being masked by an unknown device. (SSID: HENG_2.4GHz, MAC: faca4b2702ac)
2026-03-11 17:42:31,722 - WiFiDetector - ERROR - [CRITICAL] WHITELIST_BREACH: BLOCK: Unauthorized Generic Vendor device hijacking secure SSID 'HENG_2.4GHz'. (SSID: HENG_2.4GHz, MAC: faca4b2702ac)
2026-03-11 17:42:36,798 - WiFiDetector - ERROR - [CRITICAL] CHANNEL_HIJACK: CHANNEL_COLLISION: High-power overlap on Ch 8 for 'HENG_2.4GHz'. Trusted AP is being masked by an unknown device. (SSID: HENG_2.4GHz, MAC: faca4b2702ac)
2026-03-11 17:42:36,798 - WiFiDetector - ERROR - [CRITICAL] WHITELIST_BREACH: BLOCK: Unauthorized Generic Vendor device hijacking secure SSID 'HENG_2.4GHz'. (SSID: HENG_2.4GHz, MAC: faca4b2702ac)
2026-03-11 17:42:41,875 - WiFiDetector - ERROR - [CRITICAL] CHANNEL_HIJACK: CHANNEL_COLLISION: High-power overlap on Ch 8 for 'HENG_2.4GHz'. Trusted AP is being masked by an unknown device. (SSID: HENG_2.4GHz, MAC: faca4b2702ac)
2026-03-11 17:42:41,875 - WiFiDetector - ERROR - [CRITICAL] WHITELIST_BREACH: BLOCK: Unauthorized Generic Vendor device hijacking secure SSID 'HENG_2.4GHz'. (SSID: HENG_2.4GHz, MAC: faca4b2702ac)
2026-03-11 17:42:46,951 - WiFiDetector - ERROR - [CRITICAL] CHANNEL_HIJACK: CHANNEL_COLLISION: High-power overlap on Ch 8 for 'HENG_2.4GHz'. Trusted AP is being masked by an unknown device. (SSID: HENG_2.4GHz, MAC: faca4b2702ac)
2026-03-11 17:42:46,951 - WiFiDetector - ERROR - [CRITICAL] WHITELIST_BREACH: BLOCK: Unauthorized Generic Vendor device hijacking secure SSID 'HENG_2.4GHz'. (SSID: HENG_2.4GHz, MAC: faca4b2702ac)
2026-03-11 17:42:52,028 - WiFiDetector - ERROR - [CRITICAL] CHANNEL_HIJACK: CHANNEL_COLLISION: High-power overlap on Ch 8 for 'HENG_2.4GHz'. Trusted AP is being masked by an unknown device. (SSID: HENG_2.4GHz, MAC: faca4b2702ac)
2026-03-11 17:42:52,028 - WiFiDetector - ERROR - [CRITICAL] WHITELIST_BREACH: BLOCK: Unauthorized Generic Vendor device hijacking secure SSID 'HENG_2.4GHz'. (SSID: HENG_2.4GHz, MAC: faca4b2702ac)
2026-03-11 17:42:57,105 - WiFiDetector - ERROR - [CRITICAL] CHANNEL_HIJACK: CHANNEL_COLLISION: High-power overlap on Ch 8 for 'HENG_2.4GHz'. Trusted AP is being masked by an unknown device. (SSID: HENG_2.4GHz, MAC: faca4b2702ac)
2026-03-11 17:42:57,105 - WiFiDetector - ERROR - [CRITICAL] WHITELIST_BREACH: BLOCK: Unauthorized Generic Vendor device hijacking secure SSID 'HENG_2.4GHz'. (SSID: HENG_2.4GHz, MAC: faca4b2702ac)
2026-03-11 17:43:02,181 - WiFiDetector - ERROR - [CRITICAL] CHANNEL_HIJACK: CHANNEL_COLLISION: High-power overlap on Ch 8 for 'HENG_2.4GHz'. Trusted AP is being masked by an unknown device. (SSID: HENG_2.4GHz, MAC: faca4b2702ac)
2026-03-11 17:43:02,181 - WiFiDetector - ERROR - [CRITICAL] WHITELIST_BREACH: BLOCK: Unauthorized Generic Vendor device hijacking secure SSID 'HENG_2.4GHz'. (SSID: HENG_2.4GHz, MAC: faca4b2702ac)
2026-03-11 17:43:07,257 - WiFiDetector - ERROR - [CRITICAL] CHANNEL_HIJACK: CHANNEL_COLLISION: High-power overlap on Ch 8 for 'HENG_2.4GHz'. Trusted AP is being masked by an unknown device. (SSID: HENG_2.4GHz, MAC: faca4b2702ac)
2026-03-11 17:43:07,257 - WiFiDetector - ERROR - [CRITICAL] WHITELIST_BREACH: BLOCK: Unauthorized Generic Vendor device hijacking secure SSID 'HENG_2.4GHz'. (SSID: HENG_2.4GHz, MAC: faca4b2702ac)
2026-03-11 17:44:11,352 - WiFiDetector - INFO - System Shutdown.
2026-03-11 17:44:12,853 - WiFiDetector - INFO - Universal Cyber SOC Monitor started.
2026-03-11 17:47:40,750 - WiFiDetector - INFO - System Shutdown.
2026-03-11 17:47:42,158 - WiFiDetector - INFO - Universal Cyber SOC Monitor started.
2026-03-11 17:48:08,637 - WiFiDetector - INFO - System Shutdown.
2026-03-11 17:48:13,990 - WiFiDetector - INFO - Universal Cyber SOC Monitor started.
2026-03-11 17:51:11,062 - WiFiDetector - INFO - System Shutdown.
2026-03-11 17:51:12,513 - WiFiDetector - INFO - Universal Cyber SOC Monitor started.
2026-03-11 17:52:05,684 - WiFiDetector - INFO - System Shutdown.
2026-03-11 17:52:07,112 - WiFiDetector - INFO - Universal Cyber SOC Monitor started.
2026-03-11 17:54:16,253 - WiFiDetector - INFO - System Shutdown.
2026-03-11 17:54:17,929 - WiFiDetector - INFO - Universal Cyber SOC Monitor started.
2026-03-11 17:56:35,160 - WiFiDetector - INFO - System Shutdown.
2026-03-11 17:56:36,585 - WiFiDetector - INFO - Universal Cyber SOC Monitor started.
2026-03-11 17:57:35,359 - WiFiDetector - INFO - System Shutdown.
2026-03-11 17:57:36,803 - WiFiDetector - INFO - Universal Cyber SOC Monitor started.
2026-03-11 17:59:08,116 - WiFiDetector - ERROR - [CRITICAL] WHITELIST_BREACH: BLOCK: Unauthorized Generic Vendor device hijacking secure SSID 'HENG_2.4GHz'. (SSID: HENG_2.4GHz, MAC: 0ed68fbeb38f)
2026-03-11 17:59:08,117 - WiFiDetector - ERROR - [CRITICAL] ENCRYPTION_VIOLATION: SEC_POLICY_FAILURE: Whitelisted SSID 'HENG_2.4GHz' expected 'WPA2' but found 'WPA3-Personal'. (SSID: HENG_2.4GHz, MAC: 0ed68fbeb38f)
2026-03-11 17:59:08,117 - WiFiDetector - ERROR - [CRITICAL] CHANNEL_HIJACK: CHANNEL_COLLISION: High-power overlap on Ch 8 for 'HENG_2.4GHz'. Trusted AP is being masked by an unknown device. (SSID: HENG_2.4GHz, MAC: 6c442a7e7fc0)
2026-03-11 17:59:08,118 - WiFiDetector - ERROR - [CRITICAL] ENCRYPTION_VIOLATION: SEC_POLICY_FAILURE: Whitelisted SSID 'HENG_2.4GHz' expected 'WPA2' but found 'WPA3-Personal'. (SSID: HENG_2.4GHz, MAC: 6c442a7e7fc0)
2026-03-11 17:59:13,200 - WiFiDetector - ERROR - [CRITICAL] WHITELIST_BREACH: BLOCK: Unauthorized Generic Vendor device hijacking secure SSID 'HENG_2.4GHz'. (SSID: HENG_2.4GHz, MAC: 0ed68fbeb38f)
2026-03-11 17:59:13,205 - WiFiDetector - ERROR - [CRITICAL] ENCRYPTION_VIOLATION: SEC_POLICY_FAILURE: Whitelisted SSID 'HENG_2.4GHz' expected 'WPA2' but found 'WPA3-Personal'. (SSID: HENG_2.4GHz, MAC: 0ed68fbeb38f)
2026-03-11 17:59:13,205 - WiFiDetector - ERROR - [CRITICAL] CHANNEL_HIJACK: CHANNEL_COLLISION: High-power overlap on Ch 8 for 'HENG_2.4GHz'. Trusted AP is being masked by an unknown device. (SSID: HENG_2.4GHz, MAC: 6c442a7e7fc0)
2026-03-11 17:59:13,206 - WiFiDetector - ERROR - [CRITICAL] ENCRYPTION_VIOLATION: SEC_POLICY_FAILURE: Whitelisted SSID 'HENG_2.4GHz' expected 'WPA2' but found 'WPA3-Personal'. (SSID: HENG_2.4GHz, MAC: 6c442a7e7fc0)
2026-03-11 17:59:18,289 - WiFiDetector - ERROR - [CRITICAL] WHITELIST_BREACH: BLOCK: Unauthorized Generic Vendor device hijacking secure SSID 'HENG_2.4GHz'. (SSID: HENG_2.4GHz, MAC: 0ed68fbeb38f)
2026-03-11 17:59:18,289 - WiFiDetector - ERROR - [CRITICAL] ENCRYPTION_VIOLATION: SEC_POLICY_FAILURE: Whitelisted SSID 'HENG_2.4GHz' expected 'WPA2' but found 'WPA3-Personal'. (SSID: HENG_2.4GHz, MAC: 0ed68fbeb38f)
2026-03-11 17:59:18,296 - WiFiDetector - ERROR - [CRITICAL] CHANNEL_HIJACK: CHANNEL_COLLISION: High-power overlap on Ch 8 for 'HENG_2.4GHz'. Trusted AP is being masked by an unknown device. (SSID: HENG_2.4GHz, MAC: 6c442a7e7fc0)
2026-03-11 17:59:18,296 - WiFiDetector - ERROR - [CRITICAL] ENCRYPTION_VIOLATION: SEC_POLICY_FAILURE: Whitelisted SSID 'HENG_2.4GHz' expected 'WPA2' but found 'WPA3-Personal'. (SSID: HENG_2.4GHz, MAC: 6c442a7e7fc0)
2026-03-11 17:59:23,380 - WiFiDetector - ERROR - [CRITICAL] WHITELIST_BREACH: BLOCK: Unauthorized Generic Vendor device hijacking secure SSID 'HENG_2.4GHz'. (SSID: HENG_2.4GHz, MAC: 0ed68fbeb38f)
2026-03-11 17:59:23,381 - WiFiDetector - ERROR - [CRITICAL] ENCRYPTION_VIOLATION: SEC_POLICY_FAILURE: Whitelisted SSID 'HENG_2.4GHz' expected 'WPA2' but found 'WPA3-Personal'. (SSID: HENG_2.4GHz, MAC: 0ed68fbeb38f)
2026-03-11 17:59:23,381 - WiFiDetector - ERROR - [CRITICAL] CHANNEL_HIJACK: CHANNEL_COLLISION: High-power overlap on Ch 8 for 'HENG_2.4GHz'. Trusted AP is being masked by an unknown device. (SSID: HENG_2.4GHz, MAC: 6c442a7e7fc0)
2026-03-11 17:59:23,382 - WiFiDetector - ERROR - [CRITICAL] ENCRYPTION_VIOLATION: SEC_POLICY_FAILURE: Whitelisted SSID 'HENG_2.4GHz' expected 'WPA2' but found 'WPA3-Personal'. (SSID: HENG_2.4GHz, MAC: 6c442a7e7fc0)
2026-03-11 17:59:28,465 - WiFiDetector - ERROR - [CRITICAL] WHITELIST_BREACH: BLOCK: Unauthorized Generic Vendor device hijacking secure SSID 'HENG_2.4GHz'. (SSID: HENG_2.4GHz, MAC: 0ed68fbeb38f)
2026-03-11 17:59:28,471 - WiFiDetector - ERROR - [CRITICAL] ENCRYPTION_VIOLATION: SEC_POLICY_FAILURE: Whitelisted SSID 'HENG_2.4GHz' expected 'WPA2' but found 'WPA3-Personal'. (SSID: HENG_2.4GHz, MAC: 0ed68fbeb38f)
2026-03-11 17:59:28,472 - WiFiDetector - ERROR - [CRITICAL] CHANNEL_HIJACK: CHANNEL_COLLISION: High-power overlap on Ch 8 for 'HENG_2.4GHz'. Trusted AP is being masked by an unknown device. (SSID: HENG_2.4GHz, MAC: 6c442a7e7fc0)
2026-03-11 17:59:28,473 - WiFiDetector - ERROR - [CRITICAL] ENCRYPTION_VIOLATION: SEC_POLICY_FAILURE: Whitelisted SSID 'HENG_2.4GHz' expected 'WPA2' but found 'WPA3-Personal'. (SSID: HENG_2.4GHz, MAC: 6c442a7e7fc0)
2026-03-11 17:59:33,600 - WiFiDetector - ERROR - [CRITICAL] WHITELIST_BREACH: BLOCK: Unauthorized Generic Vendor device hijacking secure SSID 'HENG_2.4GHz'. (SSID: HENG_2.4GHz, MAC: 0ed68fbeb38f)
2026-03-11 17:59:33,600 - WiFiDetector - ERROR - [CRITICAL] ENCRYPTION_VIOLATION: SEC_POLICY_FAILURE: Whitelisted SSID 'HENG_2.4GHz' expected 'WPA2' but found 'WPA3-Personal'. (SSID: HENG_2.4GHz, MAC: 0ed68fbeb38f)
2026-03-11 17:59:33,600 - WiFiDetector - ERROR - [CRITICAL] CHANNEL_HIJACK: CHANNEL_COLLISION: High-power overlap on Ch 8 for 'HENG_2.4GHz'. Trusted AP is being masked by an unknown device. (SSID: HENG_2.4GHz, MAC: 6c442a7e7fc0)
2026-03-11 17:59:33,601 - WiFiDetector - ERROR - [CRITICAL] ENCRYPTION_VIOLATION: SEC_POLICY_FAILURE: Whitelisted SSID 'HENG_2.4GHz' expected 'WPA2' but found 'WPA3-Personal'. (SSID: HENG_2.4GHz, MAC: 6c442a7e7fc0)
2026-03-11 17:59:38,685 - WiFiDetector - ERROR - [CRITICAL] WHITELIST_BREACH: BLOCK: Unauthorized Generic Vendor device hijacking secure SSID 'HENG_2.4GHz'. (SSID: HENG_2.4GHz, MAC: 0ed68fbeb38f)
2026-03-11 17:59:38,686 - WiFiDetector - ERROR - [CRITICAL] ENCRYPTION_VIOLATION: SEC_POLICY_FAILURE: Whitelisted SSID 'HENG_2.4GHz' expected 'WPA2' but found 'WPA3-Personal'. (SSID: HENG_2.4GHz, MAC: 0ed68fbeb38f)
2026-03-11 17:59:38,686 - WiFiDetector - ERROR - [CRITICAL] CHANNEL_HIJACK: CHANNEL_COLLISION: High-power overlap on Ch 8 for 'HENG_2.4GHz'. Trusted AP is being masked by an unknown device. (SSID: HENG_2.4GHz, MAC: 6c442a7e7fc0)
2026-03-11 17:59:38,686 - WiFiDetector - ERROR - [CRITICAL] ENCRYPTION_VIOLATION: SEC_POLICY_FAILURE: Whitelisted SSID 'HENG_2.4GHz' expected 'WPA2' but found 'WPA3-Personal'. (SSID: HENG_2.4GHz, MAC: 6c442a7e7fc0)
2026-03-11 17:59:43,770 - WiFiDetector - ERROR - [CRITICAL] WHITELIST_BREACH: BLOCK: Unauthorized Generic Vendor device hijacking secure SSID 'HENG_2.4GHz'. (SSID: HENG_2.4GHz, MAC: 0ed68fbeb38f)
2026-03-11 17:59:43,770 - WiFiDetector - ERROR - [CRITICAL] ENCRYPTION_VIOLATION: SEC_POLICY_FAILURE: Whitelisted SSID 'HENG_2.4GHz' expected 'WPA2' but found 'WPA3-Personal'. (SSID: HENG_2.4GHz, MAC: 0ed68fbeb38f)
2026-03-11 17:59:43,771 - WiFiDetector - ERROR - [CRITICAL] CHANNEL_HIJACK: CHANNEL_COLLISION: High-power overlap on Ch 8 for 'HENG_2.4GHz'. Trusted AP is being masked by an unknown device. (SSID: HENG_2.4GHz, MAC: 6c442a7e7fc0)
2026-03-11 17:59:43,771 - WiFiDetector - ERROR - [CRITICAL] ENCRYPTION_VIOLATION: SEC_POLICY_FAILURE: Whitelisted SSID 'HENG_2.4GHz' expected 'WPA2' but found 'WPA3-Personal'. (SSID: HENG_2.4GHz, MAC: 6c442a7e7fc0)
2026-03-11 17:59:48,854 - WiFiDetector - ERROR - [CRITICAL] WHITELIST_BREACH: BLOCK: Unauthorized Generic Vendor device hijacking secure SSID 'HENG_2.4GHz'. (SSID: HENG_2.4GHz, MAC: 0ed68fbeb38f)
2026-03-11 17:59:48,854 - WiFiDetector - ERROR - [CRITICAL] ENCRYPTION_VIOLATION: SEC_POLICY_FAILURE: Whitelisted SSID 'HENG_2.4GHz' expected 'WPA2' but found 'WPA3-Personal'. (SSID: HENG_2.4GHz, MAC: 0ed68fbeb38f)
2026-03-11 17:59:48,855 - WiFiDetector - ERROR - [CRITICAL] CHANNEL_HIJACK: CHANNEL_COLLISION: High-power overlap on Ch 8 for 'HENG_2.4GHz'. Trusted AP is being masked by an unknown device. (SSID: HENG_2.4GHz, MAC: 6c442a7e7fc0)
2026-03-11 17:59:48,855 - WiFiDetector - ERROR - [CRITICAL] ENCRYPTION_VIOLATION: SEC_POLICY_FAILURE: Whitelisted SSID 'HENG_2.4GHz' expected 'WPA2' but found 'WPA3-Personal'. (SSID: HENG_2.4GHz, MAC: 6c442a7e7fc0)
2026-03-11 17:59:53,938 - WiFiDetector - ERROR - [CRITICAL] WHITELIST_BREACH: BLOCK: Unauthorized Generic Vendor device hijacking secure SSID 'HENG_2.4GHz'. (SSID: HENG_2.4GHz, MAC: 0ed68fbeb38f)
2026-03-11 17:59:53,939 - WiFiDetector - ERROR - [CRITICAL] ENCRYPTION_VIOLATION: SEC_POLICY_FAILURE: Whitelisted SSID 'HENG_2.4GHz' expected 'WPA2' but found 'WPA3-Personal'. (SSID: HENG_2.4GHz, MAC: 0ed68fbeb38f)
2026-03-11 17:59:53,939 - WiFiDetector - ERROR - [CRITICAL] CHANNEL_HIJACK: CHANNEL_COLLISION: High-power overlap on Ch 8 for 'HENG_2.4GHz'. Trusted AP is being masked by an unknown device. (SSID: HENG_2.4GHz, MAC: 6c442a7e7fc0)
2026-03-11 17:59:53,939 - WiFiDetector - ERROR - [CRITICAL] ENCRYPTION_VIOLATION: SEC_POLICY_FAILURE: Whitelisted SSID 'HENG_2.4GHz' expected 'WPA2' but found 'WPA3-Personal'. (SSID: HENG_2.4GHz, MAC: 6c442a7e7fc0)
2026-03-11 17:59:59,033 - WiFiDetector - ERROR - [CRITICAL] WHITELIST_BREACH: BLOCK: Unauthorized Generic Vendor device hijacking secure SSID 'HENG_2.4GHz'. (SSID: HENG_2.4GHz, MAC: 0ed68fbeb38f)
2026-03-11 17:59:59,034 - WiFiDetector - ERROR - [CRITICAL] ENCRYPTION_VIOLATION: SEC_POLICY_FAILURE: Whitelisted SSID 'HENG_2.4GHz' expected 'WPA2' but found 'WPA3-Personal'. (SSID: HENG_2.4GHz, MAC: 0ed68fbeb38f)
2026-03-11 17:59:59,034 - WiFiDetector - ERROR - [CRITICAL] CHANNEL_HIJACK: CHANNEL_COLLISION: High-power overlap on Ch 8 for 'HENG_2.4GHz'. Trusted AP is being masked by an unknown device. (SSID: HENG_2.4GHz, MAC: 6c442a7e7fc0)
2026-03-11 17:59:59,034 - WiFiDetector - ERROR - [CRITICAL] ENCRYPTION_VIOLATION: SEC_POLICY_FAILURE: Whitelisted SSID 'HENG_2.4GHz' expected 'WPA2' but found 'WPA3-Personal'. (SSID: HENG_2.4GHz, MAC: 6c442a7e7fc0)
2026-03-11 18:00:04,117 - WiFiDetector - ERROR - [CRITICAL] WHITELIST_BREACH: BLOCK: Unauthorized Generic Vendor device hijacking secure SSID 'HENG_2.4GHz'. (SSID: HENG_2.4GHz, MAC: 0ed68fbeb38f)
2026-03-11 18:00:04,118 - WiFiDetector - ERROR - [CRITICAL] ENCRYPTION_VIOLATION: SEC_POLICY_FAILURE: Whitelisted SSID 'HENG_2.4GHz' expected 'WPA2' but found 'WPA3-Personal'. (SSID: HENG_2.4GHz, MAC: 0ed68fbeb38f)
2026-03-11 18:00:04,118 - WiFiDetector - ERROR - [CRITICAL] CHANNEL_HIJACK: CHANNEL_COLLISION: High-power overlap on Ch 8 for 'HENG_2.4GHz'. Trusted AP is being masked by an unknown device. (SSID: HENG_2.4GHz, MAC: 6c442a7e7fc0)
2026-03-11 18:00:04,119 - WiFiDetector - ERROR - [CRITICAL] ENCRYPTION_VIOLATION: SEC_POLICY_FAILURE: Whitelisted SSID 'HENG_2.4GHz' expected 'WPA2' but found 'WPA3-Personal'. (SSID: HENG_2.4GHz, MAC: 6c442a7e7fc0)
2026-03-11 18:00:09,196 - WiFiDetector - ERROR - [CRITICAL] WHITELIST_BREACH: BLOCK: Unauthorized Generic Vendor device hijacking secure SSID 'HENG_2.4GHz'. (SSID: HENG_2.4GHz, MAC: 0ed68fbeb38f)
2026-03-11 18:00:09,197 - WiFiDetector - ERROR - [CRITICAL] ENCRYPTION_VIOLATION: SEC_POLICY_FAILURE: Whitelisted SSID 'HENG_2.4GHz' expected 'WPA2' but found 'WPA3-Personal'. (SSID: HENG_2.4GHz, MAC: 0ed68fbeb38f)
2026-03-11 18:00:09,197 - WiFiDetector - ERROR - [CRITICAL] CHANNEL_HIJACK: CHANNEL_COLLISION: High-power overlap on Ch 8 for 'HENG_2.4GHz'. Trusted AP is being masked by an unknown device. (SSID: HENG_2.4GHz, MAC: 6c442a7e7fc0)
2026-03-11 18:00:09,197 - WiFiDetector - ERROR - [CRITICAL] ENCRYPTION_VIOLATION: SEC_POLICY_FAILURE: Whitelisted SSID 'HENG_2.4GHz' expected 'WPA2' but found 'WPA3-Personal'. (SSID: HENG_2.4GHz, MAC: 6c442a7e7fc0)
2026-03-11 18:00:14,273 - WiFiDetector - ERROR - [CRITICAL] WHITELIST_BREACH: BLOCK: Unauthorized Generic Vendor device hijacking secure SSID 'HENG_2.4GHz'. (SSID: HENG_2.4GHz, MAC: 0ed68fbeb38f)
2026-03-11 18:00:14,274 - WiFiDetector - ERROR - [CRITICAL] ENCRYPTION_VIOLATION: SEC_POLICY_FAILURE: Whitelisted SSID 'HENG_2.4GHz' expected 'WPA2' but found 'WPA3-Personal'. (SSID: HENG_2.4GHz, MAC: 0ed68fbeb38f)
2026-03-11 18:00:14,274 - WiFiDetector - ERROR - [CRITICAL] CHANNEL_HIJACK: CHANNEL_COLLISION: High-power overlap on Ch 8 for 'HENG_2.4GHz'. Trusted AP is being masked by an unknown device. (SSID: HENG_2.4GHz, MAC: 6c442a7e7fc0)
2026-03-11 18:00:14,275 - WiFiDetector - ERROR - [CRITICAL] ENCRYPTION_VIOLATION: SEC_POLICY_FAILURE: Whitelisted SSID 'HENG_2.4GHz' expected 'WPA2' but found 'WPA3-Personal'. (SSID: HENG_2.4GHz, MAC: 6c442a7e7fc0)
2026-03-11 18:00:19,351 - WiFiDetector - ERROR - [CRITICAL] WHITELIST_BREACH: BLOCK: Unauthorized Generic Vendor device hijacking secure SSID 'HENG_2.4GHz'. (SSID: HENG_2.4GHz, MAC: 0ed68fbeb38f)
2026-03-11 18:00:19,351 - WiFiDetector - ERROR - [CRITICAL] ENCRYPTION_VIOLATION: SEC_POLICY_FAILURE: Whitelisted SSID 'HENG_2.4GHz' expected 'WPA2' but found 'WPA3-Personal'. (SSID: HENG_2.4GHz, MAC: 0ed68fbeb38f)
2026-03-11 18:00:19,352 - WiFiDetector - ERROR - [CRITICAL] CHANNEL_HIJACK: CHANNEL_COLLISION: High-power overlap on Ch 8 for 'HENG_2.4GHz'. Trusted AP is being masked by an unknown device. (SSID: HENG_2.4GHz, MAC: 6c442a7e7fc0)
2026-03-11 18:00:19,352 - WiFiDetector - ERROR - [CRITICAL] ENCRYPTION_VIOLATION: SEC_POLICY_FAILURE: Whitelisted SSID 'HENG_2.4GHz' expected 'WPA2' but found 'WPA3-Personal'. (SSID: HENG_2.4GHz, MAC: 6c442a7e7fc0)
2026-03-11 18:00:24,428 - WiFiDetector - ERROR - [CRITICAL] WHITELIST_BREACH: BLOCK: Unauthorized Generic Vendor device hijacking secure SSID 'HENG_2.4GHz'. (SSID: HENG_2.4GHz, MAC: 0ed68fbeb38f)
2026-03-11 18:00:24,428 - WiFiDetector - ERROR - [CRITICAL] ENCRYPTION_VIOLATION: SEC_POLICY_FAILURE: Whitelisted SSID 'HENG_2.4GHz' expected 'WPA2' but found 'WPA3-Personal'. (SSID: HENG_2.4GHz, MAC: 0ed68fbeb38f)
2026-03-11 18:00:24,429 - WiFiDetector - ERROR - [CRITICAL] CHANNEL_HIJACK: CHANNEL_COLLISION: High-power overlap on Ch 8 for 'HENG_2.4GHz'. Trusted AP is being masked by an unknown device. (SSID: HENG_2.4GHz, MAC: 6c442a7e7fc0)
2026-03-11 18:00:24,429 - WiFiDetector - ERROR - [CRITICAL] ENCRYPTION_VIOLATION: SEC_POLICY_FAILURE: Whitelisted SSID 'HENG_2.4GHz' expected 'WPA2' but found 'WPA3-Personal'. (SSID: HENG_2.4GHz, MAC: 6c442a7e7fc0)
2026-03-11 18:00:29,504 - WiFiDetector - ERROR - [CRITICAL] WHITELIST_BREACH: BLOCK: Unauthorized Generic Vendor device hijacking secure SSID 'HENG_2.4GHz'. (SSID: HENG_2.4GHz, MAC: 0ed68fbeb38f)
2026-03-11 18:00:29,505 - WiFiDetector - ERROR - [CRITICAL] ENCRYPTION_VIOLATION: SEC_POLICY_FAILURE: Whitelisted SSID 'HENG_2.4GHz' expected 'WPA2' but found 'WPA3-Personal'. (SSID: HENG_2.4GHz, MAC: 0ed68fbeb38f)
2026-03-11 18:00:29,506 - WiFiDetector - ERROR - [CRITICAL] CHANNEL_HIJACK: CHANNEL_COLLISION: High-power overlap on Ch 8 for 'HENG_2.4GHz'. Trusted AP is being masked by an unknown device. (SSID: HENG_2.4GHz, MAC: 6c442a7e7fc0)
2026-03-11 18:00:29,506 - WiFiDetector - ERROR - [CRITICAL] ENCRYPTION_VIOLATION: SEC_POLICY_FAILURE: Whitelisted SSID 'HENG_2.4GHz' expected 'WPA2' but found 'WPA3-Personal'. (SSID: HENG_2.4GHz, MAC: 6c442a7e7fc0)
2026-03-11 18:00:34,581 - WiFiDetector - ERROR - [CRITICAL] WHITELIST_BREACH: BLOCK: Unauthorized Generic Vendor device hijacking secure SSID 'HENG_2.4GHz'. (SSID: HENG_2.4GHz, MAC: 0ed68fbeb38f)
2026-03-11 18:00:34,582 - WiFiDetector - ERROR - [CRITICAL] ENCRYPTION_VIOLATION: SEC_POLICY_FAILURE: Whitelisted SSID 'HENG_2.4GHz' expected 'WPA2' but found 'WPA3-Personal'. (SSID: HENG_2.4GHz, MAC: 0ed68fbeb38f)
2026-03-11 18:00:34,582 - WiFiDetector - ERROR - [CRITICAL] CHANNEL_HIJACK: CHANNEL_COLLISION: High-power overlap on Ch 8 for 'HENG_2.4GHz'. Trusted AP is being masked by an unknown device. (SSID: HENG_2.4GHz, MAC: 6c442a7e7fc0)
2026-03-11 18:00:34,583 - WiFiDetector - ERROR - [CRITICAL] ENCRYPTION_VIOLATION: SEC_POLICY_FAILURE: Whitelisted SSID 'HENG_2.4GHz' expected 'WPA2' but found 'WPA3-Personal'. (SSID: HENG_2.4GHz, MAC: 6c442a7e7fc0)
2026-03-11 18:00:39,660 - WiFiDetector - ERROR - [CRITICAL] WHITELIST_BREACH: BLOCK: Unauthorized Generic Vendor device hijacking secure SSID 'HENG_2.4GHz'. (SSID: HENG_2.4GHz, MAC: 0ed68fbeb38f)
2026-03-11 18:00:39,661 - WiFiDetector - ERROR - [CRITICAL] ENCRYPTION_VIOLATION: SEC_POLICY_FAILURE: Whitelisted SSID 'HENG_2.4GHz' expected 'WPA2' but found 'WPA3-Personal'. (SSID: HENG_2.4GHz, MAC: 0ed68fbeb38f)
2026-03-11 18:00:39,661 - WiFiDetector - ERROR - [CRITICAL] CHANNEL_HIJACK: CHANNEL_COLLISION: High-power overlap on Ch 8 for 'HENG_2.4GHz'. Trusted AP is being masked by an unknown device. (SSID: HENG_2.4GHz, MAC: 6c442a7e7fc0)
2026-03-11 18:00:39,661 - WiFiDetector - ERROR - [CRITICAL] ENCRYPTION_VIOLATION: SEC_POLICY_FAILURE: Whitelisted SSID 'HENG_2.4GHz' expected 'WPA2' but found 'WPA3-Personal'. (SSID: HENG_2.4GHz, MAC: 6c442a7e7fc0)
2026-03-11 18:00:44,738 - WiFiDetector - ERROR - [CRITICAL] WHITELIST_BREACH: BLOCK: Unauthorized Generic Vendor device hijacking secure SSID 'HENG_2.4GHz'. (SSID: HENG_2.4GHz, MAC: 0ed68fbeb38f)
2026-03-11 18:00:44,739 - WiFiDetector - ERROR - [CRITICAL] ENCRYPTION_VIOLATION: SEC_POLICY_FAILURE: Whitelisted SSID 'HENG_2.4GHz' expected 'WPA2' but found 'WPA3-Personal'. (SSID: HENG_2.4GHz, MAC: 0ed68fbeb38f)
2026-03-11 18:00:44,740 - WiFiDetector - ERROR - [CRITICAL] CHANNEL_HIJACK: CHANNEL_COLLISION: High-power overlap on Ch 8 for 'HENG_2.4GHz'. Trusted AP is being masked by an unknown device. (SSID: HENG_2.4GHz, MAC: 6c442a7e7fc0)
2026-03-11 18:00:44,740 - WiFiDetector - ERROR - [CRITICAL] ENCRYPTION_VIOLATION: SEC_POLICY_FAILURE: Whitelisted SSID 'HENG_2.4GHz' expected 'WPA2' but found 'WPA3-Personal'. (SSID: HENG_2.4GHz, MAC: 6c442a7e7fc0)
2026-03-11 18:00:49,816 - WiFiDetector - ERROR - [CRITICAL] WHITELIST_BREACH: BLOCK: Unauthorized Generic Vendor device hijacking secure SSID 'HENG_2.4GHz'. (SSID: HENG_2.4GHz, MAC: 0ed68fbeb38f)
2026-03-11 18:00:49,825 - WiFiDetector - ERROR - [CRITICAL] ENCRYPTION_VIOLATION: SEC_POLICY_FAILURE: Whitelisted SSID 'HENG_2.4GHz' expected 'WPA2' but found 'WPA3-Personal'. (SSID: HENG_2.4GHz, MAC: 0ed68fbeb38f)
2026-03-11 18:00:49,826 - WiFiDetector - ERROR - [CRITICAL] CHANNEL_HIJACK: CHANNEL_COLLISION: High-power overlap on Ch 8 for 'HENG_2.4GHz'. Trusted AP is being masked by an unknown device. (SSID: HENG_2.4GHz, MAC: 6c442a7e7fc0)
2026-03-11 18:00:49,826 - WiFiDetector - ERROR - [CRITICAL] ENCRYPTION_VIOLATION: SEC_POLICY_FAILURE: Whitelisted SSID 'HENG_2.4GHz' expected 'WPA2' but found 'WPA3-Personal'. (SSID: HENG_2.4GHz, MAC: 6c442a7e7fc0)
2026-03-11 18:00:54,902 - WiFiDetector - ERROR - [CRITICAL] WHITELIST_BREACH: BLOCK: Unauthorized Generic Vendor device hijacking secure SSID 'HENG_2.4GHz'. (SSID: HENG_2.4GHz, MAC: 0ed68fbeb38f)
2026-03-11 18:00:54,914 - WiFiDetector - ERROR - [CRITICAL] ENCRYPTION_VIOLATION: SEC_POLICY_FAILURE: Whitelisted SSID 'HENG_2.4GHz' expected 'WPA2' but found 'WPA3-Personal'. (SSID: HENG_2.4GHz, MAC: 0ed68fbeb38f)
2026-03-11 18:00:54,914 - WiFiDetector - ERROR - [CRITICAL] CHANNEL_HIJACK: CHANNEL_COLLISION: High-power overlap on Ch 8 for 'HENG_2.4GHz'. Trusted AP is being masked by an unknown device. (SSID: HENG_2.4GHz, MAC: 6c442a7e7fc0)
2026-03-11 18:00:54,915 - WiFiDetector - ERROR - [CRITICAL] ENCRYPTION_VIOLATION: SEC_POLICY_FAILURE: Whitelisted SSID 'HENG_2.4GHz' expected 'WPA2' but found 'WPA3-Personal'. (SSID: HENG_2.4GHz, MAC: 6c442a7e7fc0)
2026-03-11 18:00:59,991 - WiFiDetector - ERROR - [CRITICAL] WHITELIST_BREACH: BLOCK: Unauthorized Generic Vendor device hijacking secure SSID 'HENG_2.4GHz'. (SSID: HENG_2.4GHz, MAC: 0ed68fbeb38f)
2026-03-11 18:00:59,991 - WiFiDetector - ERROR - [CRITICAL] ENCRYPTION_VIOLATION: SEC_POLICY_FAILURE: Whitelisted SSID 'HENG_2.4GHz' expected 'WPA2' but found 'WPA3-Personal'. (SSID: HENG_2.4GHz, MAC: 0ed68fbeb38f)
2026-03-11 18:00:59,992 - WiFiDetector - ERROR - [CRITICAL] CHANNEL_HIJACK: CHANNEL_COLLISION: High-power overlap on Ch 8 for 'HENG_2.4GHz'. Trusted AP is being masked by an unknown device. (SSID: HENG_2.4GHz, MAC: 6c442a7e7fc0)
2026-03-11 18:00:59,992 - WiFiDetector - ERROR - [CRITICAL] ENCRYPTION_VIOLATION: SEC_POLICY_FAILURE: Whitelisted SSID 'HENG_2.4GHz' expected 'WPA2' but found 'WPA3-Personal'. (SSID: HENG_2.4GHz, MAC: 6c442a7e7fc0)
2026-03-11 18:01:05,069 - WiFiDetector - ERROR - [CRITICAL] WHITELIST_BREACH: BLOCK: Unauthorized Generic Vendor device hijacking secure SSID 'HENG_2.4GHz'. (SSID: HENG_2.4GHz, MAC: 0ed68fbeb38f)
2026-03-11 18:01:05,069 - WiFiDetector - ERROR - [CRITICAL] ENCRYPTION_VIOLATION: SEC_POLICY_FAILURE: Whitelisted SSID 'HENG_2.4GHz' expected 'WPA2' but found 'WPA3-Personal'. (SSID: HENG_2.4GHz, MAC: 0ed68fbeb38f)
2026-03-11 18:01:05,070 - WiFiDetector - ERROR - [CRITICAL] CHANNEL_HIJACK: CHANNEL_COLLISION: High-power overlap on Ch 8 for 'HENG_2.4GHz'. Trusted AP is being masked by an unknown device. (SSID: HENG_2.4GHz, MAC: 6c442a7e7fc0)
2026-03-11 18:01:05,070 - WiFiDetector - ERROR - [CRITICAL] ENCRYPTION_VIOLATION: SEC_POLICY_FAILURE: Whitelisted SSID 'HENG_2.4GHz' expected 'WPA2' but found 'WPA3-Personal'. (SSID: HENG_2.4GHz, MAC: 6c442a7e7fc0)
2026-03-11 18:01:10,146 - WiFiDetector - ERROR - [CRITICAL] WHITELIST_BREACH: BLOCK: Unauthorized Generic Vendor device hijacking secure SSID 'HENG_2.4GHz'. (SSID: HENG_2.4GHz, MAC: 0ed68fbeb38f)
2026-03-11 18:01:10,146 - WiFiDetector - ERROR - [CRITICAL] ENCRYPTION_VIOLATION: SEC_POLICY_FAILURE: Whitelisted SSID 'HENG_2.4GHz' expected 'WPA2' but found 'WPA3-Personal'. (SSID: HENG_2.4GHz, MAC: 0ed68fbeb38f)
2026-03-11 18:01:10,147 - WiFiDetector - ERROR - [CRITICAL] CHANNEL_HIJACK: CHANNEL_COLLISION: High-power overlap on Ch 8 for 'HENG_2.4GHz'. Trusted AP is being masked by an unknown device. (SSID: HENG_2.4GHz, MAC: 6c442a7e7fc0)
2026-03-11 18:01:10,147 - WiFiDetector - ERROR - [CRITICAL] ENCRYPTION_VIOLATION: SEC_POLICY_FAILURE: Whitelisted SSID 'HENG_2.4GHz' expected 'WPA2' but found 'WPA3-Personal'. (SSID: HENG_2.4GHz, MAC: 6c442a7e7fc0)
2026-03-11 18:01:15,212 - WiFiDetector - ERROR - [CRITICAL] WHITELIST_BREACH: BLOCK: Unauthorized Generic Vendor device hijacking secure SSID 'HENG_2.4GHz'. (SSID: HENG_2.4GHz, MAC: 0ed68fbeb38f)
2026-03-11 18:01:15,212 - WiFiDetector - ERROR - [CRITICAL] ENCRYPTION_VIOLATION: SEC_POLICY_FAILURE: Whitelisted SSID 'HENG_2.4GHz' expected 'WPA2' but found 'WPA3-Personal'. (SSID: HENG_2.4GHz, MAC: 0ed68fbeb38f)
2026-03-11 18:01:15,213 - WiFiDetector - ERROR - [CRITICAL] CHANNEL_HIJACK: CHANNEL_COLLISION: High-power overlap on Ch 8 for 'HENG_2.4GHz'. Trusted AP is being masked by an unknown device. (SSID: HENG_2.4GHz, MAC: 6c442a7e7fc0)
2026-03-11 18:01:15,213 - WiFiDetector - ERROR - [CRITICAL] ENCRYPTION_VIOLATION: SEC_POLICY_FAILURE: Whitelisted SSID 'HENG_2.4GHz' expected 'WPA2' but found 'WPA3-Personal'. (SSID: HENG_2.4GHz, MAC: 6c442a7e7fc0)
2026-03-11 18:01:20,278 - WiFiDetector - ERROR - [CRITICAL] WHITELIST_BREACH: BLOCK: Unauthorized Generic Vendor device hijacking secure SSID 'HENG_2.4GHz'. (SSID: HENG_2.4GHz, MAC: 0ed68fbeb38f)
2026-03-11 18:01:20,279 - WiFiDetector - ERROR - [CRITICAL] ENCRYPTION_VIOLATION: SEC_POLICY_FAILURE: Whitelisted SSID 'HENG_2.4GHz' expected 'WPA2' but found 'WPA3-Personal'. (SSID: HENG_2.4GHz, MAC: 0ed68fbeb38f)
2026-03-11 18:01:20,294 - WiFiDetector - ERROR - [CRITICAL] CHANNEL_HIJACK: CHANNEL_COLLISION: High-power overlap on Ch 8 for 'HENG_2.4GHz'. Trusted AP is being masked by an unknown device. (SSID: HENG_2.4GHz, MAC: 6c442a7e7fc0)
2026-03-11 18:01:20,294 - WiFiDetector - ERROR - [CRITICAL] ENCRYPTION_VIOLATION: SEC_POLICY_FAILURE: Whitelisted SSID 'HENG_2.4GHz' expected 'WPA2' but found 'WPA3-Personal'. (SSID: HENG_2.4GHz, MAC: 6c442a7e7fc0)
2026-03-11 18:01:25,358 - WiFiDetector - ERROR - [CRITICAL] WHITELIST_BREACH: BLOCK: Unauthorized Generic Vendor device hijacking secure SSID 'HENG_2.4GHz'. (SSID: HENG_2.4GHz, MAC: 0ed68fbeb38f)
2026-03-11 18:01:25,367 - WiFiDetector - ERROR - [CRITICAL] ENCRYPTION_VIOLATION: SEC_POLICY_FAILURE: Whitelisted SSID 'HENG_2.4GHz' expected 'WPA2' but found 'WPA3-Personal'. (SSID: HENG_2.4GHz, MAC: 0ed68fbeb38f)
2026-03-11 18:01:25,367 - WiFiDetector - ERROR - [CRITICAL] CHANNEL_HIJACK: CHANNEL_COLLISION: High-power overlap on Ch 8 for 'HENG_2.4GHz'. Trusted AP is being masked by an unknown device. (SSID: HENG_2.4GHz, MAC: 6c442a7e7fc0)
2026-03-11 18:01:25,367 - WiFiDetector - ERROR - [CRITICAL] ENCRYPTION_VIOLATION: SEC_POLICY_FAILURE: Whitelisted SSID 'HENG_2.4GHz' expected 'WPA2' but found 'WPA3-Personal'. (SSID: HENG_2.4GHz, MAC: 6c442a7e7fc0)
2026-03-11 18:01:30,432 - WiFiDetector - ERROR - [CRITICAL] WHITELIST_BREACH: BLOCK: Unauthorized Generic Vendor device hijacking secure SSID 'HENG_2.4GHz'. (SSID: HENG_2.4GHz, MAC: 0ed68fbeb38f)
2026-03-11 18:01:30,432 - WiFiDetector - ERROR - [CRITICAL] ENCRYPTION_VIOLATION: SEC_POLICY_FAILURE: Whitelisted SSID 'HENG_2.4GHz' expected 'WPA2' but found 'WPA3-Personal'. (SSID: HENG_2.4GHz, MAC: 0ed68fbeb38f)
2026-03-11 18:01:30,433 - WiFiDetector - ERROR - [CRITICAL] CHANNEL_HIJACK: CHANNEL_COLLISION: High-power overlap on Ch 8 for 'HENG_2.4GHz'. Trusted AP is being masked by an unknown device. (SSID: HENG_2.4GHz, MAC: 6c442a7e7fc0)
2026-03-11 18:01:30,433 - WiFiDetector - ERROR - [CRITICAL] ENCRYPTION_VIOLATION: SEC_POLICY_FAILURE: Whitelisted SSID 'HENG_2.4GHz' expected 'WPA2' but found 'WPA3-Personal'. (SSID: HENG_2.4GHz, MAC: 6c442a7e7fc0)
2026-03-11 18:01:35,497 - WiFiDetector - ERROR - [CRITICAL] WHITELIST_BREACH: BLOCK: Unauthorized Generic Vendor device hijacking secure SSID 'HENG_2.4GHz'. (SSID: HENG_2.4GHz, MAC: 0ed68fbeb38f)
2026-03-11 18:01:35,498 - WiFiDetector - ERROR - [CRITICAL] ENCRYPTION_VIOLATION: SEC_POLICY_FAILURE: Whitelisted SSID 'HENG_2.4GHz' expected 'WPA2' but found 'WPA3-Personal'. (SSID: HENG_2.4GHz, MAC: 0ed68fbeb38f)
2026-03-11 18:01:35,498 - WiFiDetector - ERROR - [CRITICAL] CHANNEL_HIJACK: CHANNEL_COLLISION: High-power overlap on Ch 8 for 'HENG_2.4GHz'. Trusted AP is being masked by an unknown device. (SSID: HENG_2.4GHz, MAC: 6c442a7e7fc0)
2026-03-11 18:01:35,499 - WiFiDetector - ERROR - [CRITICAL] ENCRYPTION_VIOLATION: SEC_POLICY_FAILURE: Whitelisted SSID 'HENG_2.4GHz' expected 'WPA2' but found 'WPA3-Personal'. (SSID: HENG_2.4GHz, MAC: 6c442a7e7fc0)
2026-03-11 18:01:40,564 - WiFiDetector - ERROR - [CRITICAL] WHITELIST_BREACH: BLOCK: Unauthorized Generic Vendor device hijacking secure SSID 'HENG_2.4GHz'. (SSID: HENG_2.4GHz, MAC: 0ed68fbeb38f)
2026-03-11 18:01:40,564 - WiFiDetector - ERROR - [CRITICAL] ENCRYPTION_VIOLATION: SEC_POLICY_FAILURE: Whitelisted SSID 'HENG_2.4GHz' expected 'WPA2' but found 'WPA3-Personal'. (SSID: HENG_2.4GHz, MAC: 0ed68fbeb38f)
2026-03-11 18:01:40,565 - WiFiDetector - ERROR - [CRITICAL] CHANNEL_HIJACK: CHANNEL_COLLISION: High-power overlap on Ch 8 for 'HENG_2.4GHz'. Trusted AP is being masked by an unknown device. (SSID: HENG_2.4GHz, MAC: 6c442a7e7fc0)
2026-03-11 18:01:40,565 - WiFiDetector - ERROR - [CRITICAL] ENCRYPTION_VIOLATION: SEC_POLICY_FAILURE: Whitelisted SSID 'HENG_2.4GHz' expected 'WPA2' but found 'WPA3-Personal'. (SSID: HENG_2.4GHz, MAC: 6c442a7e7fc0)
2026-03-11 18:01:45,630 - WiFiDetector - ERROR - [CRITICAL] WHITELIST_BREACH: BLOCK: Unauthorized Generic Vendor device hijacking secure SSID 'HENG_2.4GHz'. (SSID: HENG_2.4GHz, MAC: 0ed68fbeb38f)
2026-03-11 18:01:45,641 - WiFiDetector - ERROR - [CRITICAL] ENCRYPTION_VIOLATION: SEC_POLICY_FAILURE: Whitelisted SSID 'HENG_2.4GHz' expected 'WPA2' but found 'WPA3-Personal'. (SSID: HENG_2.4GHz, MAC: 0ed68fbeb38f)
2026-03-11 18:01:45,642 - WiFiDetector - ERROR - [CRITICAL] CHANNEL_HIJACK: CHANNEL_COLLISION: High-power overlap on Ch 8 for 'HENG_2.4GHz'. Trusted AP is being masked by an unknown device. (SSID: HENG_2.4GHz, MAC: 6c442a7e7fc0)
2026-03-11 18:01:45,642 - WiFiDetector - ERROR - [CRITICAL] ENCRYPTION_VIOLATION: SEC_POLICY_FAILURE: Whitelisted SSID 'HENG_2.4GHz' expected 'WPA2' but found 'WPA3-Personal'. (SSID: HENG_2.4GHz, MAC: 6c442a7e7fc0)
2026-03-11 18:01:50,708 - WiFiDetector - ERROR - [CRITICAL] WHITELIST_BREACH: BLOCK: Unauthorized Generic Vendor device hijacking secure SSID 'HENG_2.4GHz'. (SSID: HENG_2.4GHz, MAC: 0ed68fbeb38f)
2026-03-11 18:01:50,708 - WiFiDetector - ERROR - [CRITICAL] ENCRYPTION_VIOLATION: SEC_POLICY_FAILURE: Whitelisted SSID 'HENG_2.4GHz' expected 'WPA2' but found 'WPA3-Personal'. (SSID: HENG_2.4GHz, MAC: 0ed68fbeb38f)
2026-03-11 18:01:50,708 - WiFiDetector - ERROR - [CRITICAL] CHANNEL_HIJACK: CHANNEL_COLLISION: High-power overlap on Ch 8 for 'HENG_2.4GHz'. Trusted AP is being masked by an unknown device. (SSID: HENG_2.4GHz, MAC: 6c442a7e7fc0)
2026-03-11 18:01:50,709 - WiFiDetector - ERROR - [CRITICAL] ENCRYPTION_VIOLATION: SEC_POLICY_FAILURE: Whitelisted SSID 'HENG_2.4GHz' expected 'WPA2' but found 'WPA3-Personal'. (SSID: HENG_2.4GHz, MAC: 6c442a7e7fc0)
2026-03-11 18:01:55,775 - WiFiDetector - ERROR - [CRITICAL] WHITELIST_BREACH: BLOCK: Unauthorized Generic Vendor device hijacking secure SSID 'HENG_2.4GHz'. (SSID: HENG_2.4GHz, MAC: 0ed68fbeb38f)
2026-03-11 18:01:55,775 - WiFiDetector - ERROR - [CRITICAL] ENCRYPTION_VIOLATION: SEC_POLICY_FAILURE: Whitelisted SSID 'HENG_2.4GHz' expected 'WPA2' but found 'WPA3-Personal'. (SSID: HENG_2.4GHz, MAC: 0ed68fbeb38f)
2026-03-11 18:01:55,776 - WiFiDetector - ERROR - [CRITICAL] CHANNEL_HIJACK: CHANNEL_COLLISION: High-power overlap on Ch 8 for 'HENG_2.4GHz'. Trusted AP is being masked by an unknown device. (SSID: HENG_2.4GHz, MAC: 6c442a7e7fc0)
2026-03-11 18:01:55,776 - WiFiDetector - ERROR - [CRITICAL] ENCRYPTION_VIOLATION: SEC_POLICY_FAILURE: Whitelisted SSID 'HENG_2.4GHz' expected 'WPA2' but found 'WPA3-Personal'. (SSID: HENG_2.4GHz, MAC: 6c442a7e7fc0)
2026-03-11 18:02:00,173 - WiFiDetector - INFO - System Shutdown.
2026-03-11 18:02:01,546 - WiFiDetector - INFO - Universal Cyber SOC Monitor started.
2026-03-11 18:02:01,607 - WiFiDetector - ERROR - [CRITICAL] WHITELIST_BREACH: BLOCK: Unauthorized Generic Vendor device hijacking secure SSID 'HENG_2.4GHz'. (SSID: HENG_2.4GHz, MAC: 0ed68fbeb38f)
2026-03-11 18:02:01,608 - WiFiDetector - ERROR - [CRITICAL] ENCRYPTION_VIOLATION: SEC_POLICY_FAILURE: Whitelisted SSID 'HENG_2.4GHz' expected 'WPA2' but found 'WPA3-Personal'. (SSID: HENG_2.4GHz, MAC: 0ed68fbeb38f)
2026-03-11 18:02:01,608 - WiFiDetector - ERROR - [CRITICAL] CHANNEL_HIJACK: CHANNEL_COLLISION: High-power overlap on Ch 8 for 'HENG_2.4GHz'. Trusted AP is being masked by an unknown device. (SSID: HENG_2.4GHz, MAC: 6c442a7e7fc0)
2026-03-11 18:02:01,609 - WiFiDetector - ERROR - [CRITICAL] ENCRYPTION_VIOLATION: SEC_POLICY_FAILURE: Whitelisted SSID 'HENG_2.4GHz' expected 'WPA2' but found 'WPA3-Personal'. (SSID: HENG_2.4GHz, MAC: 6c442a7e7fc0)
2026-03-11 18:02:06,675 - WiFiDetector - ERROR - [CRITICAL] WHITELIST_BREACH: BLOCK: Unauthorized Generic Vendor device hijacking secure SSID 'HENG_2.4GHz'. (SSID: HENG_2.4GHz, MAC: 0ed68fbeb38f)
2026-03-11 18:02:06,694 - WiFiDetector - ERROR - [CRITICAL] ENCRYPTION_VIOLATION: SEC_POLICY_FAILURE: Whitelisted SSID 'HENG_2.4GHz' expected 'WPA2' but found 'WPA3-Personal'. (SSID: HENG_2.4GHz, MAC: 0ed68fbeb38f)
2026-03-11 18:02:06,695 - WiFiDetector - ERROR - [CRITICAL] CHANNEL_HIJACK: CHANNEL_COLLISION: High-power overlap on Ch 8 for 'HENG_2.4GHz'. Trusted AP is being masked by an unknown device. (SSID: HENG_2.4GHz, MAC: 6c442a7e7fc0)
2026-03-11 18:02:06,695 - WiFiDetector - ERROR - [CRITICAL] ENCRYPTION_VIOLATION: SEC_POLICY_FAILURE: Whitelisted SSID 'HENG_2.4GHz' expected 'WPA2' but found 'WPA3-Personal'. (SSID: HENG_2.4GHz, MAC: 6c442a7e7fc0)
2026-03-11 18:02:11,760 - WiFiDetector - ERROR - [CRITICAL] WHITELIST_BREACH: BLOCK: Unauthorized Generic Vendor device hijacking secure SSID 'HENG_2.4GHz'. (SSID: HENG_2.4GHz, MAC: 0ed68fbeb38f)
2026-03-11 18:02:11,760 - WiFiDetector - ERROR - [CRITICAL] ENCRYPTION_VIOLATION: SEC_POLICY_FAILURE: Whitelisted SSID 'HENG_2.4GHz' expected 'WPA2' but found 'WPA3-Personal'. (SSID: HENG_2.4GHz, MAC: 0ed68fbeb38f)
2026-03-11 18:02:11,761 - WiFiDetector - ERROR - [CRITICAL] CHANNEL_HIJACK: CHANNEL_COLLISION: High-power overlap on Ch 8 for 'HENG_2.4GHz'. Trusted AP is being masked by an unknown device. (SSID: HENG_2.4GHz, MAC: 6c442a7e7fc0)
2026-03-11 18:02:11,761 - WiFiDetector - ERROR - [CRITICAL] ENCRYPTION_VIOLATION: SEC_POLICY_FAILURE: Whitelisted SSID 'HENG_2.4GHz' expected 'WPA2' but found 'WPA3-Personal'. (SSID: HENG_2.4GHz, MAC: 6c442a7e7fc0)
2026-03-11 18:02:16,832 - WiFiDetector - ERROR - [CRITICAL] WHITELIST_BREACH: BLOCK: Unauthorized Generic Vendor device hijacking secure SSID 'HENG_2.4GHz'. (SSID: HENG_2.4GHz, MAC: 0ed68fbeb38f)
2026-03-11 18:02:16,832 - WiFiDetector - ERROR - [CRITICAL] ENCRYPTION_VIOLATION: SEC_POLICY_FAILURE: Whitelisted SSID 'HENG_2.4GHz' expected 'WPA2' but found 'WPA3-Personal'. (SSID: HENG_2.4GHz, MAC: 0ed68fbeb38f)
2026-03-11 18:02:16,833 - WiFiDetector - ERROR - [CRITICAL] CHANNEL_HIJACK: CHANNEL_COLLISION: High-power overlap on Ch 8 for 'HENG_2.4GHz'. Trusted AP is being masked by an unknown device. (SSID: HENG_2.4GHz, MAC: 6c442a7e7fc0)
2026-03-11 18:02:16,833 - WiFiDetector - ERROR - [CRITICAL] ENCRYPTION_VIOLATION: SEC_POLICY_FAILURE: Whitelisted SSID 'HENG_2.4GHz' expected 'WPA2' but found 'WPA3-Personal'. (SSID: HENG_2.4GHz, MAC: 6c442a7e7fc0)
2026-03-11 18:02:21,904 - WiFiDetector - ERROR - [CRITICAL] WHITELIST_BREACH: BLOCK: Unauthorized Generic Vendor device hijacking secure SSID 'HENG_2.4GHz'. (SSID: HENG_2.4GHz, MAC: 0ed68fbeb38f)
2026-03-11 18:02:21,905 - WiFiDetector - ERROR - [CRITICAL] ENCRYPTION_VIOLATION: SEC_POLICY_FAILURE: Whitelisted SSID 'HENG_2.4GHz' expected 'WPA2' but found 'WPA3-Personal'. (SSID: HENG_2.4GHz, MAC: 0ed68fbeb38f)
2026-03-11 18:02:21,905 - WiFiDetector - ERROR - [CRITICAL] CHANNEL_HIJACK: CHANNEL_COLLISION: High-power overlap on Ch 8 for 'HENG_2.4GHz'. Trusted AP is being masked by an unknown device. (SSID: HENG_2.4GHz, MAC: 6c442a7e7fc0)
2026-03-11 18:02:21,906 - WiFiDetector - ERROR - [CRITICAL] ENCRYPTION_VIOLATION: SEC_POLICY_FAILURE: Whitelisted SSID 'HENG_2.4GHz' expected 'WPA2' but found 'WPA3-Personal'. (SSID: HENG_2.4GHz, MAC: 6c442a7e7fc0)
2026-03-11 18:02:26,976 - WiFiDetector - ERROR - [CRITICAL] WHITELIST_BREACH: BLOCK: Unauthorized Generic Vendor device hijacking secure SSID 'HENG_2.4GHz'. (SSID: HENG_2.4GHz, MAC: 0ed68fbeb38f)
2026-03-11 18:02:26,976 - WiFiDetector - ERROR - [CRITICAL] ENCRYPTION_VIOLATION: SEC_POLICY_FAILURE: Whitelisted SSID 'HENG_2.4GHz' expected 'WPA2' but found 'WPA3-Personal'. (SSID: HENG_2.4GHz, MAC: 0ed68fbeb38f)
2026-03-11 18:02:26,977 - WiFiDetector - ERROR - [CRITICAL] CHANNEL_HIJACK: CHANNEL_COLLISION: High-power overlap on Ch 8 for 'HENG_2.4GHz'. Trusted AP is being masked by an unknown device. (SSID: HENG_2.4GHz, MAC: 6c442a7e7fc0)
2026-03-11 18:02:26,977 - WiFiDetector - ERROR - [CRITICAL] ENCRYPTION_VIOLATION: SEC_POLICY_FAILURE: Whitelisted SSID 'HENG_2.4GHz' expected 'WPA2' but found 'WPA3-Personal'. (SSID: HENG_2.4GHz, MAC: 6c442a7e7fc0)
2026-03-11 18:02:32,047 - WiFiDetector - ERROR - [CRITICAL] WHITELIST_BREACH: BLOCK: Unauthorized Generic Vendor device hijacking secure SSID 'HENG_2.4GHz'. (SSID: HENG_2.4GHz, MAC: 0ed68fbeb38f)
2026-03-11 18:02:32,047 - WiFiDetector - ERROR - [CRITICAL] ENCRYPTION_VIOLATION: SEC_POLICY_FAILURE: Whitelisted SSID 'HENG_2.4GHz' expected 'WPA2' but found 'WPA3-Personal'. (SSID: HENG_2.4GHz, MAC: 0ed68fbeb38f)
2026-03-11 18:02:32,048 - WiFiDetector - ERROR - [CRITICAL] CHANNEL_HIJACK: CHANNEL_COLLISION: High-power overlap on Ch 8 for 'HENG_2.4GHz'. Trusted AP is being masked by an unknown device. (SSID: HENG_2.4GHz, MAC: 6c442a7e7fc0)
2026-03-11 18:02:32,048 - WiFiDetector - ERROR - [CRITICAL] ENCRYPTION_VIOLATION: SEC_POLICY_FAILURE: Whitelisted SSID 'HENG_2.4GHz' expected 'WPA2' but found 'WPA3-Personal'. (SSID: HENG_2.4GHz, MAC: 6c442a7e7fc0)
2026-03-11 18:02:37,120 - WiFiDetector - ERROR - [CRITICAL] WHITELIST_BREACH: BLOCK: Unauthorized Generic Vendor device hijacking secure SSID 'HENG_2.4GHz'. (SSID: HENG_2.4GHz, MAC: 0ed68fbeb38f)
2026-03-11 18:02:37,121 - WiFiDetector - ERROR - [CRITICAL] ENCRYPTION_VIOLATION: SEC_POLICY_FAILURE: Whitelisted SSID 'HENG_2.4GHz' expected 'WPA2' but found 'WPA3-Personal'. (SSID: HENG_2.4GHz, MAC: 0ed68fbeb38f)
2026-03-11 18:02:37,121 - WiFiDetector - ERROR - [CRITICAL] CHANNEL_HIJACK: CHANNEL_COLLISION: High-power overlap on Ch 8 for 'HENG_2.4GHz'. Trusted AP is being masked by an unknown device. (SSID: HENG_2.4GHz, MAC: 6c442a7e7fc0)
2026-03-11 18:02:37,121 - WiFiDetector - ERROR - [CRITICAL] ENCRYPTION_VIOLATION: SEC_POLICY_FAILURE: Whitelisted SSID 'HENG_2.4GHz' expected 'WPA2' but found 'WPA3-Personal'. (SSID: HENG_2.4GHz, MAC: 6c442a7e7fc0)
2026-03-11 18:02:42,191 - WiFiDetector - ERROR - [CRITICAL] WHITELIST_BREACH: BLOCK: Unauthorized Generic Vendor device hijacking secure SSID 'HENG_2.4GHz'. (SSID: HENG_2.4GHz, MAC: 0ed68fbeb38f)
2026-03-11 18:02:42,192 - WiFiDetector - ERROR - [CRITICAL] ENCRYPTION_VIOLATION: SEC_POLICY_FAILURE: Whitelisted SSID 'HENG_2.4GHz' expected 'WPA2' but found 'WPA3-Personal'. (SSID: HENG_2.4GHz, MAC: 0ed68fbeb38f)
2026-03-11 18:02:42,193 - WiFiDetector - ERROR - [CRITICAL] CHANNEL_HIJACK: CHANNEL_COLLISION: High-power overlap on Ch 8 for 'HENG_2.4GHz'. Trusted AP is being masked by an unknown device. (SSID: HENG_2.4GHz, MAC: 6c442a7e7fc0)
2026-03-11 18:02:42,193 - WiFiDetector - ERROR - [CRITICAL] ENCRYPTION_VIOLATION: SEC_POLICY_FAILURE: Whitelisted SSID 'HENG_2.4GHz' expected 'WPA2' but found 'WPA3-Personal'. (SSID: HENG_2.4GHz, MAC: 6c442a7e7fc0)
2026-03-11 18:02:47,263 - WiFiDetector - ERROR - [CRITICAL] WHITELIST_BREACH: BLOCK: Unauthorized Generic Vendor device hijacking secure SSID 'HENG_2.4GHz'. (SSID: HENG_2.4GHz, MAC: 0ed68fbeb38f)
2026-03-11 18:02:47,264 - WiFiDetector - ERROR - [CRITICAL] ENCRYPTION_VIOLATION: SEC_POLICY_FAILURE: Whitelisted SSID 'HENG_2.4GHz' expected 'WPA2' but found 'WPA3-Personal'. (SSID: HENG_2.4GHz, MAC: 0ed68fbeb38f)
2026-03-11 18:02:47,264 - WiFiDetector - ERROR - [CRITICAL] CHANNEL_HIJACK: CHANNEL_COLLISION: High-power overlap on Ch 8 for 'HENG_2.4GHz'. Trusted AP is being masked by an unknown device. (SSID: HENG_2.4GHz, MAC: 6c442a7e7fc0)
2026-03-11 18:02:47,265 - WiFiDetector - ERROR - [CRITICAL] ENCRYPTION_VIOLATION: SEC_POLICY_FAILURE: Whitelisted SSID 'HENG_2.4GHz' expected 'WPA2' but found 'WPA3-Personal'. (SSID: HENG_2.4GHz, MAC: 6c442a7e7fc0)
2026-03-11 18:02:52,336 - WiFiDetector - ERROR - [CRITICAL] WHITELIST_BREACH: BLOCK: Unauthorized Generic Vendor device hijacking secure SSID 'HENG_2.4GHz'. (SSID: HENG_2.4GHz, MAC: 0ed68fbeb38f)
2026-03-11 18:02:52,337 - WiFiDetector - ERROR - [CRITICAL] ENCRYPTION_VIOLATION: SEC_POLICY_FAILURE: Whitelisted SSID 'HENG_2.4GHz' expected 'WPA2' but found 'WPA3-Personal'. (SSID: HENG_2.4GHz, MAC: 0ed68fbeb38f)
2026-03-11 18:02:52,337 - WiFiDetector - ERROR - [CRITICAL] CHANNEL_HIJACK: CHANNEL_COLLISION: High-power overlap on Ch 8 for 'HENG_2.4GHz'. Trusted AP is being masked by an unknown device. (SSID: HENG_2.4GHz, MAC: 6c442a7e7fc0)
2026-03-11 18:02:52,337 - WiFiDetector - ERROR - [CRITICAL] ENCRYPTION_VIOLATION: SEC_POLICY_FAILURE: Whitelisted SSID 'HENG_2.4GHz' expected 'WPA2' but found 'WPA3-Personal'. (SSID: HENG_2.4GHz, MAC: 6c442a7e7fc0)
2026-03-11 18:02:57,407 - WiFiDetector - ERROR - [CRITICAL] WHITELIST_BREACH: BLOCK: Unauthorized Generic Vendor device hijacking secure SSID 'HENG_2.4GHz'. (SSID: HENG_2.4GHz, MAC: 0ed68fbeb38f)
2026-03-11 18:02:57,407 - WiFiDetector - ERROR - [CRITICAL] ENCRYPTION_VIOLATION: SEC_POLICY_FAILURE: Whitelisted SSID 'HENG_2.4GHz' expected 'WPA2' but found 'WPA3-Personal'. (SSID: HENG_2.4GHz, MAC: 0ed68fbeb38f)
2026-03-11 18:02:57,408 - WiFiDetector - ERROR - [CRITICAL] CHANNEL_HIJACK: CHANNEL_COLLISION: High-power overlap on Ch 8 for 'HENG_2.4GHz'. Trusted AP is being masked by an unknown device. (SSID: HENG_2.4GHz, MAC: 6c442a7e7fc0)
2026-03-11 18:02:57,408 - WiFiDetector - ERROR - [CRITICAL] ENCRYPTION_VIOLATION: SEC_POLICY_FAILURE: Whitelisted SSID 'HENG_2.4GHz' expected 'WPA2' but found 'WPA3-Personal'. (SSID: HENG_2.4GHz, MAC: 6c442a7e7fc0)
2026-03-11 18:03:02,477 - WiFiDetector - ERROR - [CRITICAL] WHITELIST_BREACH: BLOCK: Unauthorized Generic Vendor device hijacking secure SSID 'HENG_2.4GHz'. (SSID: HENG_2.4GHz, MAC: 0ed68fbeb38f)
2026-03-11 18:03:02,477 - WiFiDetector - ERROR - [CRITICAL] ENCRYPTION_VIOLATION: SEC_POLICY_FAILURE: Whitelisted SSID 'HENG_2.4GHz' expected 'WPA2' but found 'WPA3-Personal'. (SSID: HENG_2.4GHz, MAC: 0ed68fbeb38f)
2026-03-11 18:03:02,478 - WiFiDetector - ERROR - [CRITICAL] CHANNEL_HIJACK: CHANNEL_COLLISION: High-power overlap on Ch 8 for 'HENG_2.4GHz'. Trusted AP is being masked by an unknown device. (SSID: HENG_2.4GHz, MAC: 6c442a7e7fc0)
2026-03-11 18:03:02,478 - WiFiDetector - ERROR - [CRITICAL] ENCRYPTION_VIOLATION: SEC_POLICY_FAILURE: Whitelisted SSID 'HENG_2.4GHz' expected 'WPA2' but found 'WPA3-Personal'. (SSID: HENG_2.4GHz, MAC: 6c442a7e7fc0)
2026-03-11 18:03:07,545 - WiFiDetector - ERROR - [CRITICAL] WHITELIST_BREACH: BLOCK: Unauthorized Generic Vendor device hijacking secure SSID 'HENG_2.4GHz'. (SSID: HENG_2.4GHz, MAC: 0ed68fbeb38f)
2026-03-11 18:03:07,546 - WiFiDetector - ERROR - [CRITICAL] ENCRYPTION_VIOLATION: SEC_POLICY_FAILURE: Whitelisted SSID 'HENG_2.4GHz' expected 'WPA2' but found 'WPA3-Personal'. (SSID: HENG_2.4GHz, MAC: 0ed68fbeb38f)
2026-03-11 18:03:07,546 - WiFiDetector - ERROR - [CRITICAL] CHANNEL_HIJACK: CHANNEL_COLLISION: High-power overlap on Ch 8 for 'HENG_2.4GHz'. Trusted AP is being masked by an unknown device. (SSID: HENG_2.4GHz, MAC: 6c442a7e7fc0)
2026-03-11 18:03:07,547 - WiFiDetector - ERROR - [CRITICAL] ENCRYPTION_VIOLATION: SEC_POLICY_FAILURE: Whitelisted SSID 'HENG_2.4GHz' expected 'WPA2' but found 'WPA3-Personal'. (SSID: HENG_2.4GHz, MAC: 6c442a7e7fc0)
2026-03-11 18:03:12,615 - WiFiDetector - ERROR - [CRITICAL] WHITELIST_BREACH: BLOCK: Unauthorized Generic Vendor device hijacking secure SSID 'HENG_2.4GHz'. (SSID: HENG_2.4GHz, MAC: 0ed68fbeb38f)
2026-03-11 18:03:12,615 - WiFiDetector - ERROR - [CRITICAL] ENCRYPTION_VIOLATION: SEC_POLICY_FAILURE: Whitelisted SSID 'HENG_2.4GHz' expected 'WPA2' but found 'WPA3-Personal'. (SSID: HENG_2.4GHz, MAC: 0ed68fbeb38f)
2026-03-11 18:03:12,616 - WiFiDetector - ERROR - [CRITICAL] CHANNEL_HIJACK: CHANNEL_COLLISION: High-power overlap on Ch 8 for 'HENG_2.4GHz'. Trusted AP is being masked by an unknown device. (SSID: HENG_2.4GHz, MAC: 6c442a7e7fc0)
2026-03-11 18:03:12,616 - WiFiDetector - ERROR - [CRITICAL] ENCRYPTION_VIOLATION: SEC_POLICY_FAILURE: Whitelisted SSID 'HENG_2.4GHz' expected 'WPA2' but found 'WPA3-Personal'. (SSID: HENG_2.4GHz, MAC: 6c442a7e7fc0)
2026-03-11 18:03:17,684 - WiFiDetector - ERROR - [CRITICAL] WHITELIST_BREACH: BLOCK: Unauthorized Generic Vendor device hijacking secure SSID 'HENG_2.4GHz'. (SSID: HENG_2.4GHz, MAC: 0ed68fbeb38f)
2026-03-11 18:03:17,685 - WiFiDetector - ERROR - [CRITICAL] ENCRYPTION_VIOLATION: SEC_POLICY_FAILURE: Whitelisted SSID 'HENG_2.4GHz' expected 'WPA2' but found 'WPA3-Personal'. (SSID: HENG_2.4GHz, MAC: 0ed68fbeb38f)
2026-03-11 18:03:17,686 - WiFiDetector - ERROR - [CRITICAL] CHANNEL_HIJACK: CHANNEL_COLLISION: High-power overlap on Ch 8 for 'HENG_2.4GHz'. Trusted AP is being masked by an unknown device. (SSID: HENG_2.4GHz, MAC: 6c442a7e7fc0)
2026-03-11 18:03:17,686 - WiFiDetector - ERROR - [CRITICAL] ENCRYPTION_VIOLATION: SEC_POLICY_FAILURE: Whitelisted SSID 'HENG_2.4GHz' expected 'WPA2' but found 'WPA3-Personal'. (SSID: HENG_2.4GHz, MAC: 6c442a7e7fc0)
2026-03-11 18:03:22,754 - WiFiDetector - ERROR - [CRITICAL] WHITELIST_BREACH: BLOCK: Unauthorized Generic Vendor device hijacking secure SSID 'HENG_2.4GHz'. (SSID: HENG_2.4GHz, MAC: 0ed68fbeb38f)
2026-03-11 18:03:22,755 - WiFiDetector - ERROR - [CRITICAL] ENCRYPTION_VIOLATION: SEC_POLICY_FAILURE: Whitelisted SSID 'HENG_2.4GHz' expected 'WPA2' but found 'WPA3-Personal'. (SSID: HENG_2.4GHz, MAC: 0ed68fbeb38f)
2026-03-11 18:03:22,755 - WiFiDetector - ERROR - [CRITICAL] CHANNEL_HIJACK: CHANNEL_COLLISION: High-power overlap on Ch 8 for 'HENG_2.4GHz'. Trusted AP is being masked by an unknown device. (SSID: HENG_2.4GHz, MAC: 6c442a7e7fc0)
2026-03-11 18:03:22,756 - WiFiDetector - ERROR - [CRITICAL] ENCRYPTION_VIOLATION: SEC_POLICY_FAILURE: Whitelisted SSID 'HENG_2.4GHz' expected 'WPA2' but found 'WPA3-Personal'. (SSID: HENG_2.4GHz, MAC: 6c442a7e7fc0)
2026-03-11 18:03:27,824 - WiFiDetector - ERROR - [CRITICAL] WHITELIST_BREACH: BLOCK: Unauthorized Generic Vendor device hijacking secure SSID 'HENG_2.4GHz'. (SSID: HENG_2.4GHz, MAC: 0ed68fbeb38f)
2026-03-11 18:03:27,825 - WiFiDetector - ERROR - [CRITICAL] ENCRYPTION_VIOLATION: SEC_POLICY_FAILURE: Whitelisted SSID 'HENG_2.4GHz' expected 'WPA2' but found 'WPA3-Personal'. (SSID: HENG_2.4GHz, MAC: 0ed68fbeb38f)
2026-03-11 18:03:27,826 - WiFiDetector - ERROR - [CRITICAL] CHANNEL_HIJACK: CHANNEL_COLLISION: High-power overlap on Ch 8 for 'HENG_2.4GHz'. Trusted AP is being masked by an unknown device. (SSID: HENG_2.4GHz, MAC: 6c442a7e7fc0)
2026-03-11 18:03:27,826 - WiFiDetector - ERROR - [CRITICAL] ENCRYPTION_VIOLATION: SEC_POLICY_FAILURE: Whitelisted SSID 'HENG_2.4GHz' expected 'WPA2' but found 'WPA3-Personal'. (SSID: HENG_2.4GHz, MAC: 6c442a7e7fc0)
2026-03-11 18:03:32,896 - WiFiDetector - ERROR - [CRITICAL] WHITELIST_BREACH: BLOCK: Unauthorized Generic Vendor device hijacking secure SSID 'HENG_2.4GHz'. (SSID: HENG_2.4GHz, MAC: 0ed68fbeb38f)
2026-03-11 18:03:32,896 - WiFiDetector - ERROR - [CRITICAL] ENCRYPTION_VIOLATION: SEC_POLICY_FAILURE: Whitelisted SSID 'HENG_2.4GHz' expected 'WPA2' but found 'WPA3-Personal'. (SSID: HENG_2.4GHz, MAC: 0ed68fbeb38f)
2026-03-11 18:03:32,897 - WiFiDetector - ERROR - [CRITICAL] CHANNEL_HIJACK: CHANNEL_COLLISION: High-power overlap on Ch 8 for 'HENG_2.4GHz'. Trusted AP is being masked by an unknown device. (SSID: HENG_2.4GHz, MAC: 6c442a7e7fc0)
2026-03-11 18:03:32,897 - WiFiDetector - ERROR - [CRITICAL] ENCRYPTION_VIOLATION: SEC_POLICY_FAILURE: Whitelisted SSID 'HENG_2.4GHz' expected 'WPA2' but found 'WPA3-Personal'. (SSID: HENG_2.4GHz, MAC: 6c442a7e7fc0)
2026-03-11 18:03:37,965 - WiFiDetector - ERROR - [CRITICAL] WHITELIST_BREACH: BLOCK: Unauthorized Generic Vendor device hijacking secure SSID 'HENG_2.4GHz'. (SSID: HENG_2.4GHz, MAC: 0ed68fbeb38f)
2026-03-11 18:03:37,966 - WiFiDetector - ERROR - [CRITICAL] ENCRYPTION_VIOLATION: SEC_POLICY_FAILURE: Whitelisted SSID 'HENG_2.4GHz' expected 'WPA2' but found 'WPA3-Personal'. (SSID: HENG_2.4GHz, MAC: 0ed68fbeb38f)
2026-03-11 18:03:37,966 - WiFiDetector - ERROR - [CRITICAL] CHANNEL_HIJACK: CHANNEL_COLLISION: High-power overlap on Ch 8 for 'HENG_2.4GHz'. Trusted AP is being masked by an unknown device. (SSID: HENG_2.4GHz, MAC: 6c442a7e7fc0)
2026-03-11 18:03:37,967 - WiFiDetector - ERROR - [CRITICAL] ENCRYPTION_VIOLATION: SEC_POLICY_FAILURE: Whitelisted SSID 'HENG_2.4GHz' expected 'WPA2' but found 'WPA3-Personal'. (SSID: HENG_2.4GHz, MAC: 6c442a7e7fc0)
2026-03-11 18:03:43,035 - WiFiDetector - ERROR - [CRITICAL] WHITELIST_BREACH: BLOCK: Unauthorized Generic Vendor device hijacking secure SSID 'HENG_2.4GHz'. (SSID: HENG_2.4GHz, MAC: 0ed68fbeb38f)
2026-03-11 18:03:43,036 - WiFiDetector - ERROR - [CRITICAL] ENCRYPTION_VIOLATION: SEC_POLICY_FAILURE: Whitelisted SSID 'HENG_2.4GHz' expected 'WPA2' but found 'WPA3-Personal'. (SSID: HENG_2.4GHz, MAC: 0ed68fbeb38f)
2026-03-11 18:03:43,036 - WiFiDetector - ERROR - [CRITICAL] CHANNEL_HIJACK: CHANNEL_COLLISION: High-power overlap on Ch 8 for 'HENG_2.4GHz'. Trusted AP is being masked by an unknown device. (SSID: HENG_2.4GHz, MAC: 6c442a7e7fc0)
2026-03-11 18:03:43,037 - WiFiDetector - ERROR - [CRITICAL] ENCRYPTION_VIOLATION: SEC_POLICY_FAILURE: Whitelisted SSID 'HENG_2.4GHz' expected 'WPA2' but found 'WPA3-Personal'. (SSID: HENG_2.4GHz, MAC: 6c442a7e7fc0)
2026-03-11 18:03:48,105 - WiFiDetector - ERROR - [CRITICAL] WHITELIST_BREACH: BLOCK: Unauthorized Generic Vendor device hijacking secure SSID 'HENG_2.4GHz'. (SSID: HENG_2.4GHz, MAC: 0ed68fbeb38f)
2026-03-11 18:03:48,106 - WiFiDetector - ERROR - [CRITICAL] ENCRYPTION_VIOLATION: SEC_POLICY_FAILURE: Whitelisted SSID 'HENG_2.4GHz' expected 'WPA2' but found 'WPA3-Personal'. (SSID: HENG_2.4GHz, MAC: 0ed68fbeb38f)
2026-03-11 18:03:48,106 - WiFiDetector - ERROR - [CRITICAL] CHANNEL_HIJACK: CHANNEL_COLLISION: High-power overlap on Ch 8 for 'HENG_2.4GHz'. Trusted AP is being masked by an unknown device. (SSID: HENG_2.4GHz, MAC: 6c442a7e7fc0)
2026-03-11 18:03:48,107 - WiFiDetector - ERROR - [CRITICAL] ENCRYPTION_VIOLATION: SEC_POLICY_FAILURE: Whitelisted SSID 'HENG_2.4GHz' expected 'WPA2' but found 'WPA3-Personal'. (SSID: HENG_2.4GHz, MAC: 6c442a7e7fc0)
2026-03-11 18:03:53,179 - WiFiDetector - ERROR - [CRITICAL] WHITELIST_BREACH: BLOCK: Unauthorized Generic Vendor device hijacking secure SSID 'HENG_2.4GHz'. (SSID: HENG_2.4GHz, MAC: 0ed68fbeb38f)
2026-03-11 18:03:53,179 - WiFiDetector - ERROR - [CRITICAL] ENCRYPTION_VIOLATION: SEC_POLICY_FAILURE: Whitelisted SSID 'HENG_2.4GHz' expected 'WPA2' but found 'WPA3-Personal'. (SSID: HENG_2.4GHz, MAC: 0ed68fbeb38f)
2026-03-11 18:03:53,180 - WiFiDetector - ERROR - [CRITICAL] CHANNEL_HIJACK: CHANNEL_COLLISION: High-power overlap on Ch 8 for 'HENG_2.4GHz'. Trusted AP is being masked by an unknown device. (SSID: HENG_2.4GHz, MAC: 6c442a7e7fc0)
2026-03-11 18:03:53,180 - WiFiDetector - ERROR - [CRITICAL] ENCRYPTION_VIOLATION: SEC_POLICY_FAILURE: Whitelisted SSID 'HENG_2.4GHz' expected 'WPA2' but found 'WPA3-Personal'. (SSID: HENG_2.4GHz, MAC: 6c442a7e7fc0)
2026-03-11 18:03:58,249 - WiFiDetector - ERROR - [CRITICAL] WHITELIST_BREACH: BLOCK: Unauthorized Generic Vendor device hijacking secure SSID 'HENG_2.4GHz'. (SSID: HENG_2.4GHz, MAC: 0ed68fbeb38f)
2026-03-11 18:03:58,249 - WiFiDetector - ERROR - [CRITICAL] ENCRYPTION_VIOLATION: SEC_POLICY_FAILURE: Whitelisted SSID 'HENG_2.4GHz' expected 'WPA2' but found 'WPA3-Personal'. (SSID: HENG_2.4GHz, MAC: 0ed68fbeb38f)
2026-03-11 18:03:58,250 - WiFiDetector - ERROR - [CRITICAL] CHANNEL_HIJACK: CHANNEL_COLLISION: High-power overlap on Ch 8 for 'HENG_2.4GHz'. Trusted AP is being masked by an unknown device. (SSID: HENG_2.4GHz, MAC: 6c442a7e7fc0)
2026-03-11 18:03:58,250 - WiFiDetector - ERROR - [CRITICAL] ENCRYPTION_VIOLATION: SEC_POLICY_FAILURE: Whitelisted SSID 'HENG_2.4GHz' expected 'WPA2' but found 'WPA3-Personal'. (SSID: HENG_2.4GHz, MAC: 6c442a7e7fc0)
2026-03-11 18:04:03,318 - WiFiDetector - ERROR - [CRITICAL] WHITELIST_BREACH: BLOCK: Unauthorized Generic Vendor device hijacking secure SSID 'HENG_2.4GHz'. (SSID: HENG_2.4GHz, MAC: 0ed68fbeb38f)
2026-03-11 18:04:03,319 - WiFiDetector - ERROR - [CRITICAL] ENCRYPTION_VIOLATION: SEC_POLICY_FAILURE: Whitelisted SSID 'HENG_2.4GHz' expected 'WPA2' but found 'WPA3-Personal'. (SSID: HENG_2.4GHz, MAC: 0ed68fbeb38f)
2026-03-11 18:04:03,319 - WiFiDetector - ERROR - [CRITICAL] CHANNEL_HIJACK: CHANNEL_COLLISION: High-power overlap on Ch 8 for 'HENG_2.4GHz'. Trusted AP is being masked by an unknown device. (SSID: HENG_2.4GHz, MAC: 6c442a7e7fc0)
2026-03-11 18:04:03,320 - WiFiDetector - ERROR - [CRITICAL] ENCRYPTION_VIOLATION: SEC_POLICY_FAILURE: Whitelisted SSID 'HENG_2.4GHz' expected 'WPA2' but found 'WPA3-Personal'. (SSID: HENG_2.4GHz, MAC: 6c442a7e7fc0)
2026-03-11 18:04:08,389 - WiFiDetector - ERROR - [CRITICAL] WHITELIST_BREACH: BLOCK: Unauthorized Generic Vendor device hijacking secure SSID 'HENG_2.4GHz'. (SSID: HENG_2.4GHz, MAC: 0ed68fbeb38f)
2026-03-11 18:04:08,389 - WiFiDetector - ERROR - [CRITICAL] ENCRYPTION_VIOLATION: SEC_POLICY_FAILURE: Whitelisted SSID 'HENG_2.4GHz' expected 'WPA2' but found 'WPA3-Personal'. (SSID: HENG_2.4GHz, MAC: 0ed68fbeb38f)
2026-03-11 18:04:08,390 - WiFiDetector - ERROR - [CRITICAL] CHANNEL_HIJACK: CHANNEL_COLLISION: High-power overlap on Ch 8 for 'HENG_2.4GHz'. Trusted AP is being masked by an unknown device. (SSID: HENG_2.4GHz, MAC: 6c442a7e7fc0)
2026-03-11 18:04:08,390 - WiFiDetector - ERROR - [CRITICAL] ENCRYPTION_VIOLATION: SEC_POLICY_FAILURE: Whitelisted SSID 'HENG_2.4GHz' expected 'WPA2' but found 'WPA3-Personal'. (SSID: HENG_2.4GHz, MAC: 6c442a7e7fc0)
2026-03-11 18:04:13,455 - WiFiDetector - ERROR - [CRITICAL] WHITELIST_BREACH: BLOCK: Unauthorized Generic Vendor device hijacking secure SSID 'HENG_2.4GHz'. (SSID: HENG_2.4GHz, MAC: 0ed68fbeb38f)
2026-03-11 18:04:13,455 - WiFiDetector - ERROR - [CRITICAL] ENCRYPTION_VIOLATION: SEC_POLICY_FAILURE: Whitelisted SSID 'HENG_2.4GHz' expected 'WPA2' but found 'WPA3-Personal'. (SSID: HENG_2.4GHz, MAC: 0ed68fbeb38f)
2026-03-11 18:04:13,456 - WiFiDetector - ERROR - [CRITICAL] CHANNEL_HIJACK: CHANNEL_COLLISION: High-power overlap on Ch 8 for 'HENG_2.4GHz'. Trusted AP is being masked by an unknown device. (SSID: HENG_2.4GHz, MAC: 6c442a7e7fc0)
2026-03-11 18:04:13,456 - WiFiDetector - ERROR - [CRITICAL] ENCRYPTION_VIOLATION: SEC_POLICY_FAILURE: Whitelisted SSID 'HENG_2.4GHz' expected 'WPA2' but found 'WPA3-Personal'. (SSID: HENG_2.4GHz, MAC: 6c442a7e7fc0)
2026-03-11 18:04:18,519 - WiFiDetector - ERROR - [CRITICAL] WHITELIST_BREACH: BLOCK: Unauthorized Generic Vendor device hijacking secure SSID 'HENG_2.4GHz'. (SSID: HENG_2.4GHz, MAC: 0ed68fbeb38f)
2026-03-11 18:04:18,519 - WiFiDetector - ERROR - [CRITICAL] ENCRYPTION_VIOLATION: SEC_POLICY_FAILURE: Whitelisted SSID 'HENG_2.4GHz' expected 'WPA2' but found 'WPA3-Personal'. (SSID: HENG_2.4GHz, MAC: 0ed68fbeb38f)
2026-03-11 18:04:18,520 - WiFiDetector - ERROR - [CRITICAL] CHANNEL_HIJACK: CHANNEL_COLLISION: High-power overlap on Ch 8 for 'HENG_2.4GHz'. Trusted AP is being masked by an unknown device. (SSID: HENG_2.4GHz, MAC: 6c442a7e7fc0)
2026-03-11 18:04:18,520 - WiFiDetector - ERROR - [CRITICAL] ENCRYPTION_VIOLATION: SEC_POLICY_FAILURE: Whitelisted SSID 'HENG_2.4GHz' expected 'WPA2' but found 'WPA3-Personal'. (SSID: HENG_2.4GHz, MAC: 6c442a7e7fc0)
2026-03-11 18:04:23,585 - WiFiDetector - ERROR - [CRITICAL] WHITELIST_BREACH: BLOCK: Unauthorized Generic Vendor device hijacking secure SSID 'HENG_2.4GHz'. (SSID: HENG_2.4GHz, MAC: 0ed68fbeb38f)
2026-03-11 18:04:23,588 - WiFiDetector - ERROR - [CRITICAL] ENCRYPTION_VIOLATION: SEC_POLICY_FAILURE: Whitelisted SSID 'HENG_2.4GHz' expected 'WPA2' but found 'WPA3-Personal'. (SSID: HENG_2.4GHz, MAC: 0ed68fbeb38f)
2026-03-11 18:04:23,589 - WiFiDetector - ERROR - [CRITICAL] CHANNEL_HIJACK: CHANNEL_COLLISION: High-power overlap on Ch 8 for 'HENG_2.4GHz'. Trusted AP is being masked by an unknown device. (SSID: HENG_2.4GHz, MAC: 6c442a7e7fc0)
2026-03-11 18:04:23,589 - WiFiDetector - ERROR - [CRITICAL] ENCRYPTION_VIOLATION: SEC_POLICY_FAILURE: Whitelisted SSID 'HENG_2.4GHz' expected 'WPA2' but found 'WPA3-Personal'. (SSID: HENG_2.4GHz, MAC: 6c442a7e7fc0)
2026-03-11 18:04:28,653 - WiFiDetector - ERROR - [CRITICAL] WHITELIST_BREACH: BLOCK: Unauthorized Generic Vendor device hijacking secure SSID 'HENG_2.4GHz'. (SSID: HENG_2.4GHz, MAC: 0ed68fbeb38f)
2026-03-11 18:04:28,653 - WiFiDetector - ERROR - [CRITICAL] ENCRYPTION_VIOLATION: SEC_POLICY_FAILURE: Whitelisted SSID 'HENG_2.4GHz' expected 'WPA2' but found 'WPA3-Personal'. (SSID: HENG_2.4GHz, MAC: 0ed68fbeb38f)
2026-03-11 18:04:28,654 - WiFiDetector - ERROR - [CRITICAL] CHANNEL_HIJACK: CHANNEL_COLLISION: High-power overlap on Ch 8 for 'HENG_2.4GHz'. Trusted AP is being masked by an unknown device. (SSID: HENG_2.4GHz, MAC: 6c442a7e7fc0)
2026-03-11 18:04:28,654 - WiFiDetector - ERROR - [CRITICAL] ENCRYPTION_VIOLATION: SEC_POLICY_FAILURE: Whitelisted SSID 'HENG_2.4GHz' expected 'WPA2' but found 'WPA3-Personal'. (SSID: HENG_2.4GHz, MAC: 6c442a7e7fc0)
2026-03-11 18:04:33,718 - WiFiDetector - ERROR - [CRITICAL] WHITELIST_BREACH: BLOCK: Unauthorized Generic Vendor device hijacking secure SSID 'HENG_2.4GHz'. (SSID: HENG_2.4GHz, MAC: 0ed68fbeb38f)
2026-03-11 18:04:33,718 - WiFiDetector - ERROR - [CRITICAL] ENCRYPTION_VIOLATION: SEC_POLICY_FAILURE: Whitelisted SSID 'HENG_2.4GHz' expected 'WPA2' but found 'WPA3-Personal'. (SSID: HENG_2.4GHz, MAC: 0ed68fbeb38f)
2026-03-11 18:04:33,718 - WiFiDetector - ERROR - [CRITICAL] CHANNEL_HIJACK: CHANNEL_COLLISION: High-power overlap on Ch 8 for 'HENG_2.4GHz'. Trusted AP is being masked by an unknown device. (SSID: HENG_2.4GHz, MAC: 6c442a7e7fc0)
2026-03-11 18:04:33,719 - WiFiDetector - ERROR - [CRITICAL] ENCRYPTION_VIOLATION: SEC_POLICY_FAILURE: Whitelisted SSID 'HENG_2.4GHz' expected 'WPA2' but found 'WPA3-Personal'. (SSID: HENG_2.4GHz, MAC: 6c442a7e7fc0)
2026-03-11 18:04:38,783 - WiFiDetector - ERROR - [CRITICAL] WHITELIST_BREACH: BLOCK: Unauthorized Generic Vendor device hijacking secure SSID 'HENG_2.4GHz'. (SSID: HENG_2.4GHz, MAC: 0ed68fbeb38f)
2026-03-11 18:04:38,784 - WiFiDetector - ERROR - [CRITICAL] ENCRYPTION_VIOLATION: SEC_POLICY_FAILURE: Whitelisted SSID 'HENG_2.4GHz' expected 'WPA2' but found 'WPA3-Personal'. (SSID: HENG_2.4GHz, MAC: 0ed68fbeb38f)
2026-03-11 18:04:38,785 - WiFiDetector - ERROR - [CRITICAL] CHANNEL_HIJACK: CHANNEL_COLLISION: High-power overlap on Ch 8 for 'HENG_2.4GHz'. Trusted AP is being masked by an unknown device. (SSID: HENG_2.4GHz, MAC: 6c442a7e7fc0)
2026-03-11 18:04:38,785 - WiFiDetector - ERROR - [CRITICAL] ENCRYPTION_VIOLATION: SEC_POLICY_FAILURE: Whitelisted SSID 'HENG_2.4GHz' expected 'WPA2' but found 'WPA3-Personal'. (SSID: HENG_2.4GHz, MAC: 6c442a7e7fc0)
2026-03-11 18:04:43,849 - WiFiDetector - ERROR - [CRITICAL] WHITELIST_BREACH: BLOCK: Unauthorized Generic Vendor device hijacking secure SSID 'HENG_2.4GHz'. (SSID: HENG_2.4GHz, MAC: 0ed68fbeb38f)
2026-03-11 18:04:43,849 - WiFiDetector - ERROR - [CRITICAL] ENCRYPTION_VIOLATION: SEC_POLICY_FAILURE: Whitelisted SSID 'HENG_2.4GHz' expected 'WPA2' but found 'WPA3-Personal'. (SSID: HENG_2.4GHz, MAC: 0ed68fbeb38f)
2026-03-11 18:04:43,850 - WiFiDetector - ERROR - [CRITICAL] CHANNEL_HIJACK: CHANNEL_COLLISION: High-power overlap on Ch 8 for 'HENG_2.4GHz'. Trusted AP is being masked by an unknown device. (SSID: HENG_2.4GHz, MAC: 6c442a7e7fc0)
2026-03-11 18:04:43,850 - WiFiDetector - ERROR - [CRITICAL] ENCRYPTION_VIOLATION: SEC_POLICY_FAILURE: Whitelisted SSID 'HENG_2.4GHz' expected 'WPA2' but found 'WPA3-Personal'. (SSID: HENG_2.4GHz, MAC: 6c442a7e7fc0)
2026-03-11 18:04:48,913 - WiFiDetector - ERROR - [CRITICAL] WHITELIST_BREACH: BLOCK: Unauthorized Generic Vendor device hijacking secure SSID 'HENG_2.4GHz'. (SSID: HENG_2.4GHz, MAC: 0ed68fbeb38f)
2026-03-11 18:04:48,914 - WiFiDetector - ERROR - [CRITICAL] ENCRYPTION_VIOLATION: SEC_POLICY_FAILURE: Whitelisted SSID 'HENG_2.4GHz' expected 'WPA2' but found 'WPA3-Personal'. (SSID: HENG_2.4GHz, MAC: 0ed68fbeb38f)
2026-03-11 18:04:48,914 - WiFiDetector - ERROR - [CRITICAL] CHANNEL_HIJACK: CHANNEL_COLLISION: High-power overlap on Ch 8 for 'HENG_2.4GHz'. Trusted AP is being masked by an unknown device. (SSID: HENG_2.4GHz, MAC: 6c442a7e7fc0)
2026-03-11 18:04:48,915 - WiFiDetector - ERROR - [CRITICAL] ENCRYPTION_VIOLATION: SEC_POLICY_FAILURE: Whitelisted SSID 'HENG_2.4GHz' expected 'WPA2' but found 'WPA3-Personal'. (SSID: HENG_2.4GHz, MAC: 6c442a7e7fc0)
2026-03-11 18:04:53,978 - WiFiDetector - ERROR - [CRITICAL] WHITELIST_BREACH: BLOCK: Unauthorized Generic Vendor device hijacking secure SSID 'HENG_2.4GHz'. (SSID: HENG_2.4GHz, MAC: 0ed68fbeb38f)
2026-03-11 18:04:53,989 - WiFiDetector - ERROR - [CRITICAL] ENCRYPTION_VIOLATION: SEC_POLICY_FAILURE: Whitelisted SSID 'HENG_2.4GHz' expected 'WPA2' but found 'WPA3-Personal'. (SSID: HENG_2.4GHz, MAC: 0ed68fbeb38f)
2026-03-11 18:04:53,990 - WiFiDetector - ERROR - [CRITICAL] CHANNEL_HIJACK: CHANNEL_COLLISION: High-power overlap on Ch 8 for 'HENG_2.4GHz'. Trusted AP is being masked by an unknown device. (SSID: HENG_2.4GHz, MAC: 6c442a7e7fc0)
2026-03-11 18:04:53,990 - WiFiDetector - ERROR - [CRITICAL] ENCRYPTION_VIOLATION: SEC_POLICY_FAILURE: Whitelisted SSID 'HENG_2.4GHz' expected 'WPA2' but found 'WPA3-Personal'. (SSID: HENG_2.4GHz, MAC: 6c442a7e7fc0)
2026-03-11 18:04:59,058 - WiFiDetector - ERROR - [CRITICAL] WHITELIST_BREACH: BLOCK: Unauthorized Generic Vendor device hijacking secure SSID 'HENG_2.4GHz'. (SSID: HENG_2.4GHz, MAC: 0ed68fbeb38f)
2026-03-11 18:04:59,068 - WiFiDetector - ERROR - [CRITICAL] ENCRYPTION_VIOLATION: SEC_POLICY_FAILURE: Whitelisted SSID 'HENG_2.4GHz' expected 'WPA2' but found 'WPA3-Personal'. (SSID: HENG_2.4GHz, MAC: 0ed68fbeb38f)
2026-03-11 18:04:59,069 - WiFiDetector - ERROR - [CRITICAL] CHANNEL_HIJACK: CHANNEL_COLLISION: High-power overlap on Ch 8 for 'HENG_2.4GHz'. Trusted AP is being masked by an unknown device. (SSID: HENG_2.4GHz, MAC: 6c442a7e7fc0)
2026-03-11 18:04:59,069 - WiFiDetector - ERROR - [CRITICAL] ENCRYPTION_VIOLATION: SEC_POLICY_FAILURE: Whitelisted SSID 'HENG_2.4GHz' expected 'WPA2' but found 'WPA3-Personal'. (SSID: HENG_2.4GHz, MAC: 6c442a7e7fc0)
2026-03-11 18:05:04,133 - WiFiDetector - ERROR - [CRITICAL] WHITELIST_BREACH: BLOCK: Unauthorized Generic Vendor device hijacking secure SSID 'HENG_2.4GHz'. (SSID: HENG_2.4GHz, MAC: 0ed68fbeb38f)
2026-03-11 18:05:04,134 - WiFiDetector - ERROR - [CRITICAL] ENCRYPTION_VIOLATION: SEC_POLICY_FAILURE: Whitelisted SSID 'HENG_2.4GHz' expected 'WPA2' but found 'WPA3-Personal'. (SSID: HENG_2.4GHz, MAC: 0ed68fbeb38f)
2026-03-11 18:05:04,134 - WiFiDetector - ERROR - [CRITICAL] CHANNEL_HIJACK: CHANNEL_COLLISION: High-power overlap on Ch 8 for 'HENG_2.4GHz'. Trusted AP is being masked by an unknown device. (SSID: HENG_2.4GHz, MAC: 6c442a7e7fc0)
2026-03-11 18:05:04,135 - WiFiDetector - ERROR - [CRITICAL] ENCRYPTION_VIOLATION: SEC_POLICY_FAILURE: Whitelisted SSID 'HENG_2.4GHz' expected 'WPA2' but found 'WPA3-Personal'. (SSID: HENG_2.4GHz, MAC: 6c442a7e7fc0)
2026-03-11 18:05:09,199 - WiFiDetector - ERROR - [CRITICAL] WHITELIST_BREACH: BLOCK: Unauthorized Generic Vendor device hijacking secure SSID 'HENG_2.4GHz'. (SSID: HENG_2.4GHz, MAC: 0ed68fbeb38f)
2026-03-11 18:05:09,199 - WiFiDetector - ERROR - [CRITICAL] ENCRYPTION_VIOLATION: SEC_POLICY_FAILURE: Whitelisted SSID 'HENG_2.4GHz' expected 'WPA2' but found 'WPA3-Personal'. (SSID: HENG_2.4GHz, MAC: 0ed68fbeb38f)
2026-03-11 18:05:09,200 - WiFiDetector - ERROR - [CRITICAL] CHANNEL_HIJACK: CHANNEL_COLLISION: High-power overlap on Ch 8 for 'HENG_2.4GHz'. Trusted AP is being masked by an unknown device. (SSID: HENG_2.4GHz, MAC: 6c442a7e7fc0)
2026-03-11 18:05:09,200 - WiFiDetector - ERROR - [CRITICAL] ENCRYPTION_VIOLATION: SEC_POLICY_FAILURE: Whitelisted SSID 'HENG_2.4GHz' expected 'WPA2' but found 'WPA3-Personal'. (SSID: HENG_2.4GHz, MAC: 6c442a7e7fc0)
2026-03-11 18:05:14,275 - WiFiDetector - ERROR - [CRITICAL] ENCRYPTION_VIOLATION: SEC_POLICY_FAILURE: Whitelisted SSID 'HENG_2.4GHz' expected 'WPA2' but found 'WPA3-Personal'. (SSID: HENG_2.4GHz, MAC: 6c442a7e7fc0)
2026-03-11 18:05:14,275 - WiFiDetector - ERROR - [CRITICAL] CHANNEL_HIJACK: CHANNEL_COLLISION: High-power overlap on Ch 8 for 'HENG_2.4GHz'. Trusted AP is being masked by an unknown device. (SSID: HENG_2.4GHz, MAC: 0ed68fbeb38f)
2026-03-11 18:05:14,276 - WiFiDetector - ERROR - [CRITICAL] WHITELIST_BREACH: BLOCK: Unauthorized Generic Vendor device hijacking secure SSID 'HENG_2.4GHz'. (SSID: HENG_2.4GHz, MAC: 0ed68fbeb38f)
2026-03-11 18:05:14,276 - WiFiDetector - ERROR - [CRITICAL] ENCRYPTION_VIOLATION: SEC_POLICY_FAILURE: Whitelisted SSID 'HENG_2.4GHz' expected 'WPA2' but found 'WPA3-Personal'. (SSID: HENG_2.4GHz, MAC: 0ed68fbeb38f)
2026-03-11 18:05:19,351 - WiFiDetector - ERROR - [CRITICAL] ENCRYPTION_VIOLATION: SEC_POLICY_FAILURE: Whitelisted SSID 'HENG_2.4GHz' expected 'WPA2' but found 'WPA3-Personal'. (SSID: HENG_2.4GHz, MAC: 6c442a7e7fc0)
2026-03-11 18:05:19,354 - WiFiDetector - ERROR - [CRITICAL] CHANNEL_HIJACK: CHANNEL_COLLISION: High-power overlap on Ch 8 for 'HENG_2.4GHz'. Trusted AP is being masked by an unknown device. (SSID: HENG_2.4GHz, MAC: 0ed68fbeb38f)
2026-03-11 18:05:19,354 - WiFiDetector - ERROR - [CRITICAL] WHITELIST_BREACH: BLOCK: Unauthorized Generic Vendor device hijacking secure SSID 'HENG_2.4GHz'. (SSID: HENG_2.4GHz, MAC: 0ed68fbeb38f)
2026-03-11 18:05:19,355 - WiFiDetector - ERROR - [CRITICAL] ENCRYPTION_VIOLATION: SEC_POLICY_FAILURE: Whitelisted SSID 'HENG_2.4GHz' expected 'WPA2' but found 'WPA3-Personal'. (SSID: HENG_2.4GHz, MAC: 0ed68fbeb38f)
2026-03-11 18:05:24,429 - WiFiDetector - ERROR - [CRITICAL] ENCRYPTION_VIOLATION: SEC_POLICY_FAILURE: Whitelisted SSID 'HENG_2.4GHz' expected 'WPA2' but found 'WPA3-Personal'. (SSID: HENG_2.4GHz, MAC: 6c442a7e7fc0)
2026-03-11 18:05:24,429 - WiFiDetector - ERROR - [CRITICAL] CHANNEL_HIJACK: CHANNEL_COLLISION: High-power overlap on Ch 8 for 'HENG_2.4GHz'. Trusted AP is being masked by an unknown device. (SSID: HENG_2.4GHz, MAC: 0ed68fbeb38f)
2026-03-11 18:05:24,430 - WiFiDetector - ERROR - [CRITICAL] WHITELIST_BREACH: BLOCK: Unauthorized Generic Vendor device hijacking secure SSID 'HENG_2.4GHz'. (SSID: HENG_2.4GHz, MAC: 0ed68fbeb38f)
2026-03-11 18:05:24,430 - WiFiDetector - ERROR - [CRITICAL] ENCRYPTION_VIOLATION: SEC_POLICY_FAILURE: Whitelisted SSID 'HENG_2.4GHz' expected 'WPA2' but found 'WPA3-Personal'. (SSID: HENG_2.4GHz, MAC: 0ed68fbeb38f)
2026-03-11 18:05:29,504 - WiFiDetector - ERROR - [CRITICAL] ENCRYPTION_VIOLATION: SEC_POLICY_FAILURE: Whitelisted SSID 'HENG_2.4GHz' expected 'WPA2' but found 'WPA3-Personal'. (SSID: HENG_2.4GHz, MAC: 6c442a7e7fc0)
2026-03-11 18:05:29,513 - WiFiDetector - ERROR - [CRITICAL] CHANNEL_HIJACK: CHANNEL_COLLISION: High-power overlap on Ch 8 for 'HENG_2.4GHz'. Trusted AP is being masked by an unknown device. (SSID: HENG_2.4GHz, MAC: 0ed68fbeb38f)
2026-03-11 18:05:29,513 - WiFiDetector - ERROR - [CRITICAL] WHITELIST_BREACH: BLOCK: Unauthorized Generic Vendor device hijacking secure SSID 'HENG_2.4GHz'. (SSID: HENG_2.4GHz, MAC: 0ed68fbeb38f)
2026-03-11 18:05:29,514 - WiFiDetector - ERROR - [CRITICAL] ENCRYPTION_VIOLATION: SEC_POLICY_FAILURE: Whitelisted SSID 'HENG_2.4GHz' expected 'WPA2' but found 'WPA3-Personal'. (SSID: HENG_2.4GHz, MAC: 0ed68fbeb38f)
2026-03-11 18:05:34,588 - WiFiDetector - ERROR - [CRITICAL] ENCRYPTION_VIOLATION: SEC_POLICY_FAILURE: Whitelisted SSID 'HENG_2.4GHz' expected 'WPA2' but found 'WPA3-Personal'. (SSID: HENG_2.4GHz, MAC: 6c442a7e7fc0)
2026-03-11 18:05:34,602 - WiFiDetector - ERROR - [CRITICAL] CHANNEL_HIJACK: CHANNEL_COLLISION: High-power overlap on Ch 8 for 'HENG_2.4GHz'. Trusted AP is being masked by an unknown device. (SSID: HENG_2.4GHz, MAC: 0ed68fbeb38f)
2026-03-11 18:05:34,603 - WiFiDetector - ERROR - [CRITICAL] WHITELIST_BREACH: BLOCK: Unauthorized Generic Vendor device hijacking secure SSID 'HENG_2.4GHz'. (SSID: HENG_2.4GHz, MAC: 0ed68fbeb38f)
2026-03-11 18:05:34,603 - WiFiDetector - ERROR - [CRITICAL] ENCRYPTION_VIOLATION: SEC_POLICY_FAILURE: Whitelisted SSID 'HENG_2.4GHz' expected 'WPA2' but found 'WPA3-Personal'. (SSID: HENG_2.4GHz, MAC: 0ed68fbeb38f)
2026-03-11 18:05:39,677 - WiFiDetector - ERROR - [CRITICAL] ENCRYPTION_VIOLATION: SEC_POLICY_FAILURE: Whitelisted SSID 'HENG_2.4GHz' expected 'WPA2' but found 'WPA3-Personal'. (SSID: HENG_2.4GHz, MAC: 6c442a7e7fc0)
2026-03-11 18:05:39,678 - WiFiDetector - ERROR - [CRITICAL] CHANNEL_HIJACK: CHANNEL_COLLISION: High-power overlap on Ch 8 for 'HENG_2.4GHz'. Trusted AP is being masked by an unknown device. (SSID: HENG_2.4GHz, MAC: 0ed68fbeb38f)
2026-03-11 18:05:39,678 - WiFiDetector - ERROR - [CRITICAL] WHITELIST_BREACH: BLOCK: Unauthorized Generic Vendor device hijacking secure SSID 'HENG_2.4GHz'. (SSID: HENG_2.4GHz, MAC: 0ed68fbeb38f)
2026-03-11 18:05:39,679 - WiFiDetector - ERROR - [CRITICAL] ENCRYPTION_VIOLATION: SEC_POLICY_FAILURE: Whitelisted SSID 'HENG_2.4GHz' expected 'WPA2' but found 'WPA3-Personal'. (SSID: HENG_2.4GHz, MAC: 0ed68fbeb38f)
2026-03-11 18:05:44,753 - WiFiDetector - ERROR - [CRITICAL] ENCRYPTION_VIOLATION: SEC_POLICY_FAILURE: Whitelisted SSID 'HENG_2.4GHz' expected 'WPA2' but found 'WPA3-Personal'. (SSID: HENG_2.4GHz, MAC: 6c442a7e7fc0)
2026-03-11 18:05:44,754 - WiFiDetector - ERROR - [CRITICAL] CHANNEL_HIJACK: CHANNEL_COLLISION: High-power overlap on Ch 8 for 'HENG_2.4GHz'. Trusted AP is being masked by an unknown device. (SSID: HENG_2.4GHz, MAC: 0ed68fbeb38f)
2026-03-11 18:05:44,754 - WiFiDetector - ERROR - [CRITICAL] WHITELIST_BREACH: BLOCK: Unauthorized Generic Vendor device hijacking secure SSID 'HENG_2.4GHz'. (SSID: HENG_2.4GHz, MAC: 0ed68fbeb38f)
2026-03-11 18:05:44,755 - WiFiDetector - ERROR - [CRITICAL] ENCRYPTION_VIOLATION: SEC_POLICY_FAILURE: Whitelisted SSID 'HENG_2.4GHz' expected 'WPA2' but found 'WPA3-Personal'. (SSID: HENG_2.4GHz, MAC: 0ed68fbeb38f)
2026-03-11 18:05:49,829 - WiFiDetector - ERROR - [CRITICAL] ENCRYPTION_VIOLATION: SEC_POLICY_FAILURE: Whitelisted SSID 'HENG_2.4GHz' expected 'WPA2' but found 'WPA3-Personal'. (SSID: HENG_2.4GHz, MAC: 6c442a7e7fc0)
2026-03-11 18:05:49,829 - WiFiDetector - ERROR - [CRITICAL] CHANNEL_HIJACK: CHANNEL_COLLISION: High-power overlap on Ch 8 for 'HENG_2.4GHz'. Trusted AP is being masked by an unknown device. (SSID: HENG_2.4GHz, MAC: 0ed68fbeb38f)
2026-03-11 18:05:49,830 - WiFiDetector - ERROR - [CRITICAL] WHITELIST_BREACH: BLOCK: Unauthorized Generic Vendor device hijacking secure SSID 'HENG_2.4GHz'. (SSID: HENG_2.4GHz, MAC: 0ed68fbeb38f)
2026-03-11 18:05:49,830 - WiFiDetector - ERROR - [CRITICAL] ENCRYPTION_VIOLATION: SEC_POLICY_FAILURE: Whitelisted SSID 'HENG_2.4GHz' expected 'WPA2' but found 'WPA3-Personal'. (SSID: HENG_2.4GHz, MAC: 0ed68fbeb38f)
2026-03-11 18:05:54,905 - WiFiDetector - ERROR - [CRITICAL] ENCRYPTION_VIOLATION: SEC_POLICY_FAILURE: Whitelisted SSID 'HENG_2.4GHz' expected 'WPA2' but found 'WPA3-Personal'. (SSID: HENG_2.4GHz, MAC: 6c442a7e7fc0)
2026-03-11 18:05:54,909 - WiFiDetector - ERROR - [CRITICAL] CHANNEL_HIJACK: CHANNEL_COLLISION: High-power overlap on Ch 8 for 'HENG_2.4GHz'. Trusted AP is being masked by an unknown device. (SSID: HENG_2.4GHz, MAC: 0ed68fbeb38f)
2026-03-11 18:05:54,909 - WiFiDetector - ERROR - [CRITICAL] WHITELIST_BREACH: BLOCK: Unauthorized Generic Vendor device hijacking secure SSID 'HENG_2.4GHz'. (SSID: HENG_2.4GHz, MAC: 0ed68fbeb38f)
2026-03-11 18:05:54,909 - WiFiDetector - ERROR - [CRITICAL] ENCRYPTION_VIOLATION: SEC_POLICY_FAILURE: Whitelisted SSID 'HENG_2.4GHz' expected 'WPA2' but found 'WPA3-Personal'. (SSID: HENG_2.4GHz, MAC: 0ed68fbeb38f)
2026-03-11 18:05:59,986 - WiFiDetector - ERROR - [CRITICAL] ENCRYPTION_VIOLATION: SEC_POLICY_FAILURE: Whitelisted SSID 'HENG_2.4GHz' expected 'WPA2' but found 'WPA3-Personal'. (SSID: HENG_2.4GHz, MAC: 6c442a7e7fc0)
2026-03-11 18:05:59,986 - WiFiDetector - ERROR - [CRITICAL] CHANNEL_HIJACK: CHANNEL_COLLISION: High-power overlap on Ch 8 for 'HENG_2.4GHz'. Trusted AP is being masked by an unknown device. (SSID: HENG_2.4GHz, MAC: 0ed68fbeb38f)
2026-03-11 18:05:59,987 - WiFiDetector - ERROR - [CRITICAL] WHITELIST_BREACH: BLOCK: Unauthorized Generic Vendor device hijacking secure SSID 'HENG_2.4GHz'. (SSID: HENG_2.4GHz, MAC: 0ed68fbeb38f)
2026-03-11 18:05:59,987 - WiFiDetector - ERROR - [CRITICAL] ENCRYPTION_VIOLATION: SEC_POLICY_FAILURE: Whitelisted SSID 'HENG_2.4GHz' expected 'WPA2' but found 'WPA3-Personal'. (SSID: HENG_2.4GHz, MAC: 0ed68fbeb38f)
2026-03-11 18:06:05,062 - WiFiDetector - ERROR - [CRITICAL] ENCRYPTION_VIOLATION: SEC_POLICY_FAILURE: Whitelisted SSID 'HENG_2.4GHz' expected 'WPA2' but found 'WPA3-Personal'. (SSID: HENG_2.4GHz, MAC: 6c442a7e7fc0)
2026-03-11 18:06:05,063 - WiFiDetector - ERROR - [CRITICAL] CHANNEL_HIJACK: CHANNEL_COLLISION: High-power overlap on Ch 8 for 'HENG_2.4GHz'. Trusted AP is being masked by an unknown device. (SSID: HENG_2.4GHz, MAC: 0ed68fbeb38f)
2026-03-11 18:06:05,063 - WiFiDetector - ERROR - [CRITICAL] WHITELIST_BREACH: BLOCK: Unauthorized Generic Vendor device hijacking secure SSID 'HENG_2.4GHz'. (SSID: HENG_2.4GHz, MAC: 0ed68fbeb38f)
2026-03-11 18:06:05,064 - WiFiDetector - ERROR - [CRITICAL] ENCRYPTION_VIOLATION: SEC_POLICY_FAILURE: Whitelisted SSID 'HENG_2.4GHz' expected 'WPA2' but found 'WPA3-Personal'. (SSID: HENG_2.4GHz, MAC: 0ed68fbeb38f)
2026-03-11 18:06:10,139 - WiFiDetector - ERROR - [CRITICAL] ENCRYPTION_VIOLATION: SEC_POLICY_FAILURE: Whitelisted SSID 'HENG_2.4GHz' expected 'WPA2' but found 'WPA3-Personal'. (SSID: HENG_2.4GHz, MAC: 6c442a7e7fc0)
2026-03-11 18:06:10,139 - WiFiDetector - ERROR - [CRITICAL] CHANNEL_HIJACK: CHANNEL_COLLISION: High-power overlap on Ch 8 for 'HENG_2.4GHz'. Trusted AP is being masked by an unknown device. (SSID: HENG_2.4GHz, MAC: 0ed68fbeb38f)
2026-03-11 18:06:10,140 - WiFiDetector - ERROR - [CRITICAL] WHITELIST_BREACH: BLOCK: Unauthorized Generic Vendor device hijacking secure SSID 'HENG_2.4GHz'. (SSID: HENG_2.4GHz, MAC: 0ed68fbeb38f)
2026-03-11 18:06:10,140 - WiFiDetector - ERROR - [CRITICAL] ENCRYPTION_VIOLATION: SEC_POLICY_FAILURE: Whitelisted SSID 'HENG_2.4GHz' expected 'WPA2' but found 'WPA3-Personal'. (SSID: HENG_2.4GHz, MAC: 0ed68fbeb38f)
2026-03-11 18:06:15,221 - WiFiDetector - ERROR - [CRITICAL] WHITELIST_BREACH: BLOCK: Unauthorized Generic Vendor device hijacking secure SSID 'HENG_2.4GHz'. (SSID: HENG_2.4GHz, MAC: 0ed68fbeb38f)
2026-03-11 18:06:15,223 - WiFiDetector - ERROR - [CRITICAL] ENCRYPTION_VIOLATION: SEC_POLICY_FAILURE: Whitelisted SSID 'HENG_2.4GHz' expected 'WPA2' but found 'WPA3-Personal'. (SSID: HENG_2.4GHz, MAC: 0ed68fbeb38f)
2026-03-11 18:06:15,223 - WiFiDetector - ERROR - [CRITICAL] CHANNEL_HIJACK: CHANNEL_COLLISION: High-power overlap on Ch 8 for 'HENG_2.4GHz'. Trusted AP is being masked by an unknown device. (SSID: HENG_2.4GHz, MAC: 6c442a7e7fc0)
2026-03-11 18:06:15,223 - WiFiDetector - ERROR - [CRITICAL] ENCRYPTION_VIOLATION: SEC_POLICY_FAILURE: Whitelisted SSID 'HENG_2.4GHz' expected 'WPA2' but found 'WPA3-Personal'. (SSID: HENG_2.4GHz, MAC: 6c442a7e7fc0)
2026-03-11 18:06:20,304 - WiFiDetector - ERROR - [CRITICAL] WHITELIST_BREACH: BLOCK: Unauthorized Generic Vendor device hijacking secure SSID 'HENG_2.4GHz'. (SSID: HENG_2.4GHz, MAC: 0ed68fbeb38f)
2026-03-11 18:06:20,305 - WiFiDetector - ERROR - [CRITICAL] ENCRYPTION_VIOLATION: SEC_POLICY_FAILURE: Whitelisted SSID 'HENG_2.4GHz' expected 'WPA2' but found 'WPA3-Personal'. (SSID: HENG_2.4GHz, MAC: 0ed68fbeb38f)
2026-03-11 18:06:20,305 - WiFiDetector - ERROR - [CRITICAL] CHANNEL_HIJACK: CHANNEL_COLLISION: High-power overlap on Ch 8 for 'HENG_2.4GHz'. Trusted AP is being masked by an unknown device. (SSID: HENG_2.4GHz, MAC: 6c442a7e7fc0)
2026-03-11 18:06:20,306 - WiFiDetector - ERROR - [CRITICAL] ENCRYPTION_VIOLATION: SEC_POLICY_FAILURE: Whitelisted SSID 'HENG_2.4GHz' expected 'WPA2' but found 'WPA3-Personal'. (SSID: HENG_2.4GHz, MAC: 6c442a7e7fc0)
2026-03-11 18:06:25,387 - WiFiDetector - ERROR - [CRITICAL] WHITELIST_BREACH: BLOCK: Unauthorized Generic Vendor device hijacking secure SSID 'HENG_2.4GHz'. (SSID: HENG_2.4GHz, MAC: 0ed68fbeb38f)
2026-03-11 18:06:25,388 - WiFiDetector - ERROR - [CRITICAL] ENCRYPTION_VIOLATION: SEC_POLICY_FAILURE: Whitelisted SSID 'HENG_2.4GHz' expected 'WPA2' but found 'WPA3-Personal'. (SSID: HENG_2.4GHz, MAC: 0ed68fbeb38f)
2026-03-11 18:06:25,388 - WiFiDetector - ERROR - [CRITICAL] CHANNEL_HIJACK: CHANNEL_COLLISION: High-power overlap on Ch 8 for 'HENG_2.4GHz'. Trusted AP is being masked by an unknown device. (SSID: HENG_2.4GHz, MAC: 6c442a7e7fc0)
2026-03-11 18:06:25,389 - WiFiDetector - ERROR - [CRITICAL] ENCRYPTION_VIOLATION: SEC_POLICY_FAILURE: Whitelisted SSID 'HENG_2.4GHz' expected 'WPA2' but found 'WPA3-Personal'. (SSID: HENG_2.4GHz, MAC: 6c442a7e7fc0)
2026-03-11 18:06:30,470 - WiFiDetector - ERROR - [CRITICAL] WHITELIST_BREACH: BLOCK: Unauthorized Generic Vendor device hijacking secure SSID 'HENG_2.4GHz'. (SSID: HENG_2.4GHz, MAC: 0ed68fbeb38f)
2026-03-11 18:06:30,471 - WiFiDetector - ERROR - [CRITICAL] ENCRYPTION_VIOLATION: SEC_POLICY_FAILURE: Whitelisted SSID 'HENG_2.4GHz' expected 'WPA2' but found 'WPA3-Personal'. (SSID: HENG_2.4GHz, MAC: 0ed68fbeb38f)
2026-03-11 18:06:30,471 - WiFiDetector - ERROR - [CRITICAL] CHANNEL_HIJACK: CHANNEL_COLLISION: High-power overlap on Ch 8 for 'HENG_2.4GHz'. Trusted AP is being masked by an unknown device. (SSID: HENG_2.4GHz, MAC: 6c442a7e7fc0)
2026-03-11 18:06:30,472 - WiFiDetector - ERROR - [CRITICAL] ENCRYPTION_VIOLATION: SEC_POLICY_FAILURE: Whitelisted SSID 'HENG_2.4GHz' expected 'WPA2' but found 'WPA3-Personal'. (SSID: HENG_2.4GHz, MAC: 6c442a7e7fc0)
2026-03-11 18:06:35,554 - WiFiDetector - ERROR - [CRITICAL] WHITELIST_BREACH: BLOCK: Unauthorized Generic Vendor device hijacking secure SSID 'HENG_2.4GHz'. (SSID: HENG_2.4GHz, MAC: 0ed68fbeb38f)
2026-03-11 18:06:35,554 - WiFiDetector - ERROR - [CRITICAL] ENCRYPTION_VIOLATION: SEC_POLICY_FAILURE: Whitelisted SSID 'HENG_2.4GHz' expected 'WPA2' but found 'WPA3-Personal'. (SSID: HENG_2.4GHz, MAC: 0ed68fbeb38f)
2026-03-11 18:06:35,555 - WiFiDetector - ERROR - [CRITICAL] CHANNEL_HIJACK: CHANNEL_COLLISION: High-power overlap on Ch 8 for 'HENG_2.4GHz'. Trusted AP is being masked by an unknown device. (SSID: HENG_2.4GHz, MAC: 6c442a7e7fc0)
2026-03-11 18:06:35,555 - WiFiDetector - ERROR - [CRITICAL] ENCRYPTION_VIOLATION: SEC_POLICY_FAILURE: Whitelisted SSID 'HENG_2.4GHz' expected 'WPA2' but found 'WPA3-Personal'. (SSID: HENG_2.4GHz, MAC: 6c442a7e7fc0)
2026-03-11 18:06:40,635 - WiFiDetector - ERROR - [CRITICAL] WHITELIST_BREACH: BLOCK: Unauthorized Generic Vendor device hijacking secure SSID 'HENG_2.4GHz'. (SSID: HENG_2.4GHz, MAC: 0ed68fbeb38f)
2026-03-11 18:06:40,636 - WiFiDetector - ERROR - [CRITICAL] ENCRYPTION_VIOLATION: SEC_POLICY_FAILURE: Whitelisted SSID 'HENG_2.4GHz' expected 'WPA2' but found 'WPA3-Personal'. (SSID: HENG_2.4GHz, MAC: 0ed68fbeb38f)
2026-03-11 18:06:40,636 - WiFiDetector - ERROR - [CRITICAL] CHANNEL_HIJACK: CHANNEL_COLLISION: High-power overlap on Ch 8 for 'HENG_2.4GHz'. Trusted AP is being masked by an unknown device. (SSID: HENG_2.4GHz, MAC: 6c442a7e7fc0)
2026-03-11 18:06:40,636 - WiFiDetector - ERROR - [CRITICAL] ENCRYPTION_VIOLATION: SEC_POLICY_FAILURE: Whitelisted SSID 'HENG_2.4GHz' expected 'WPA2' but found 'WPA3-Personal'. (SSID: HENG_2.4GHz, MAC: 6c442a7e7fc0)
2026-03-11 18:06:45,718 - WiFiDetector - ERROR - [CRITICAL] WHITELIST_BREACH: BLOCK: Unauthorized Generic Vendor device hijacking secure SSID 'HENG_2.4GHz'. (SSID: HENG_2.4GHz, MAC: 0ed68fbeb38f)
2026-03-11 18:06:45,719 - WiFiDetector - ERROR - [CRITICAL] ENCRYPTION_VIOLATION: SEC_POLICY_FAILURE: Whitelisted SSID 'HENG_2.4GHz' expected 'WPA2' but found 'WPA3-Personal'. (SSID: HENG_2.4GHz, MAC: 0ed68fbeb38f)
2026-03-11 18:06:45,719 - WiFiDetector - ERROR - [CRITICAL] CHANNEL_HIJACK: CHANNEL_COLLISION: High-power overlap on Ch 8 for 'HENG_2.4GHz'. Trusted AP is being masked by an unknown device. (SSID: HENG_2.4GHz, MAC: 6c442a7e7fc0)
2026-03-11 18:06:45,719 - WiFiDetector - ERROR - [CRITICAL] ENCRYPTION_VIOLATION: SEC_POLICY_FAILURE: Whitelisted SSID 'HENG_2.4GHz' expected 'WPA2' but found 'WPA3-Personal'. (SSID: HENG_2.4GHz, MAC: 6c442a7e7fc0)
2026-03-11 18:06:50,800 - WiFiDetector - ERROR - [CRITICAL] WHITELIST_BREACH: BLOCK: Unauthorized Generic Vendor device hijacking secure SSID 'HENG_2.4GHz'. (SSID: HENG_2.4GHz, MAC: 0ed68fbeb38f)
2026-03-11 18:06:50,801 - WiFiDetector - ERROR - [CRITICAL] ENCRYPTION_VIOLATION: SEC_POLICY_FAILURE: Whitelisted SSID 'HENG_2.4GHz' expected 'WPA2' but found 'WPA3-Personal'. (SSID: HENG_2.4GHz, MAC: 0ed68fbeb38f)
2026-03-11 18:06:50,801 - WiFiDetector - ERROR - [CRITICAL] CHANNEL_HIJACK: CHANNEL_COLLISION: High-power overlap on Ch 8 for 'HENG_2.4GHz'. Trusted AP is being masked by an unknown device. (SSID: HENG_2.4GHz, MAC: 6c442a7e7fc0)
2026-03-11 18:06:50,802 - WiFiDetector - ERROR - [CRITICAL] ENCRYPTION_VIOLATION: SEC_POLICY_FAILURE: Whitelisted SSID 'HENG_2.4GHz' expected 'WPA2' but found 'WPA3-Personal'. (SSID: HENG_2.4GHz, MAC: 6c442a7e7fc0)
2026-03-11 18:06:55,882 - WiFiDetector - ERROR - [CRITICAL] WHITELIST_BREACH: BLOCK: Unauthorized Generic Vendor device hijacking secure SSID 'HENG_2.4GHz'. (SSID: HENG_2.4GHz, MAC: 0ed68fbeb38f)
2026-03-11 18:06:55,883 - WiFiDetector - ERROR - [CRITICAL] ENCRYPTION_VIOLATION: SEC_POLICY_FAILURE: Whitelisted SSID 'HENG_2.4GHz' expected 'WPA2' but found 'WPA3-Personal'. (SSID: HENG_2.4GHz, MAC: 0ed68fbeb38f)
2026-03-11 18:06:55,883 - WiFiDetector - ERROR - [CRITICAL] CHANNEL_HIJACK: CHANNEL_COLLISION: High-power overlap on Ch 8 for 'HENG_2.4GHz'. Trusted AP is being masked by an unknown device. (SSID: HENG_2.4GHz, MAC: 6c442a7e7fc0)
2026-03-11 18:06:55,883 - WiFiDetector - ERROR - [CRITICAL] ENCRYPTION_VIOLATION: SEC_POLICY_FAILURE: Whitelisted SSID 'HENG_2.4GHz' expected 'WPA2' but found 'WPA3-Personal'. (SSID: HENG_2.4GHz, MAC: 6c442a7e7fc0)
2026-03-11 18:07:00,965 - WiFiDetector - ERROR - [CRITICAL] WHITELIST_BREACH: BLOCK: Unauthorized Generic Vendor device hijacking secure SSID 'HENG_2.4GHz'. (SSID: HENG_2.4GHz, MAC: 0ed68fbeb38f)
2026-03-11 18:07:00,966 - WiFiDetector - ERROR - [CRITICAL] ENCRYPTION_VIOLATION: SEC_POLICY_FAILURE: Whitelisted SSID 'HENG_2.4GHz' expected 'WPA2' but found 'WPA3-Personal'. (SSID: HENG_2.4GHz, MAC: 0ed68fbeb38f)
2026-03-11 18:07:00,966 - WiFiDetector - ERROR - [CRITICAL] CHANNEL_HIJACK: CHANNEL_COLLISION: High-power overlap on Ch 8 for 'HENG_2.4GHz'. Trusted AP is being masked by an unknown device. (SSID: HENG_2.4GHz, MAC: 6c442a7e7fc0)
2026-03-11 18:07:00,966 - WiFiDetector - ERROR - [CRITICAL] ENCRYPTION_VIOLATION: SEC_POLICY_FAILURE: Whitelisted SSID 'HENG_2.4GHz' expected 'WPA2' but found 'WPA3-Personal'. (SSID: HENG_2.4GHz, MAC: 6c442a7e7fc0)
2026-03-11 18:07:06,047 - WiFiDetector - ERROR - [CRITICAL] WHITELIST_BREACH: BLOCK: Unauthorized Generic Vendor device hijacking secure SSID 'HENG_2.4GHz'. (SSID: HENG_2.4GHz, MAC: 0ed68fbeb38f)
2026-03-11 18:07:06,048 - WiFiDetector - ERROR - [CRITICAL] ENCRYPTION_VIOLATION: SEC_POLICY_FAILURE: Whitelisted SSID 'HENG_2.4GHz' expected 'WPA2' but found 'WPA3-Personal'. (SSID: HENG_2.4GHz, MAC: 0ed68fbeb38f)
2026-03-11 18:07:06,048 - WiFiDetector - ERROR - [CRITICAL] CHANNEL_HIJACK: CHANNEL_COLLISION: High-power overlap on Ch 8 for 'HENG_2.4GHz'. Trusted AP is being masked by an unknown device. (SSID: HENG_2.4GHz, MAC: 6c442a7e7fc0)
2026-03-11 18:07:06,049 - WiFiDetector - ERROR - [CRITICAL] ENCRYPTION_VIOLATION: SEC_POLICY_FAILURE: Whitelisted SSID 'HENG_2.4GHz' expected 'WPA2' but found 'WPA3-Personal'. (SSID: HENG_2.4GHz, MAC: 6c442a7e7fc0)
2026-03-11 18:07:11,130 - WiFiDetector - ERROR - [CRITICAL] WHITELIST_BREACH: BLOCK: Unauthorized Generic Vendor device hijacking secure SSID 'HENG_2.4GHz'. (SSID: HENG_2.4GHz, MAC: 0ed68fbeb38f)
2026-03-11 18:07:11,131 - WiFiDetector - ERROR - [CRITICAL] ENCRYPTION_VIOLATION: SEC_POLICY_FAILURE: Whitelisted SSID 'HENG_2.4GHz' expected 'WPA2' but found 'WPA3-Personal'. (SSID: HENG_2.4GHz, MAC: 0ed68fbeb38f)
2026-03-11 18:07:11,131 - WiFiDetector - ERROR - [CRITICAL] CHANNEL_HIJACK: CHANNEL_COLLISION: High-power overlap on Ch 8 for 'HENG_2.4GHz'. Trusted AP is being masked by an unknown device. (SSID: HENG_2.4GHz, MAC: 6c442a7e7fc0)
2026-03-11 18:07:11,131 - WiFiDetector - ERROR - [CRITICAL] ENCRYPTION_VIOLATION: SEC_POLICY_FAILURE: Whitelisted SSID 'HENG_2.4GHz' expected 'WPA2' but found 'WPA3-Personal'. (SSID: HENG_2.4GHz, MAC: 6c442a7e7fc0)
2026-03-11 18:07:16,213 - WiFiDetector - ERROR - [CRITICAL] WHITELIST_BREACH: BLOCK: Unauthorized Generic Vendor device hijacking secure SSID 'HENG_2.4GHz'. (SSID: HENG_2.4GHz, MAC: 0ed68fbeb38f)
2026-03-11 18:07:16,228 - WiFiDetector - ERROR - [CRITICAL] ENCRYPTION_VIOLATION: SEC_POLICY_FAILURE: Whitelisted SSID 'HENG_2.4GHz' expected 'WPA2' but found 'WPA3-Personal'. (SSID: HENG_2.4GHz, MAC: 0ed68fbeb38f)
2026-03-11 18:07:16,229 - WiFiDetector - ERROR - [CRITICAL] ENCRYPTION_VIOLATION: SEC_POLICY_FAILURE: Whitelisted SSID 'HENG_2.4GHz' expected 'WPA2' but found 'WPA3-Personal'. (SSID: HENG_2.4GHz, MAC: 6c442a7e7fc0)
2026-03-11 18:07:21,310 - WiFiDetector - ERROR - [CRITICAL] WHITELIST_BREACH: BLOCK: Unauthorized Generic Vendor device hijacking secure SSID 'HENG_2.4GHz'. (SSID: HENG_2.4GHz, MAC: 0ed68fbeb38f)
2026-03-11 18:07:21,310 - WiFiDetector - ERROR - [CRITICAL] ENCRYPTION_VIOLATION: SEC_POLICY_FAILURE: Whitelisted SSID 'HENG_2.4GHz' expected 'WPA2' but found 'WPA3-Personal'. (SSID: HENG_2.4GHz, MAC: 0ed68fbeb38f)
2026-03-11 18:07:21,311 - WiFiDetector - ERROR - [CRITICAL] ENCRYPTION_VIOLATION: SEC_POLICY_FAILURE: Whitelisted SSID 'HENG_2.4GHz' expected 'WPA2' but found 'WPA3-Personal'. (SSID: HENG_2.4GHz, MAC: 6c442a7e7fc0)
2026-03-11 18:07:26,391 - WiFiDetector - ERROR - [CRITICAL] WHITELIST_BREACH: BLOCK: Unauthorized Generic Vendor device hijacking secure SSID 'HENG_2.4GHz'. (SSID: HENG_2.4GHz, MAC: 0ed68fbeb38f)
2026-03-11 18:07:26,392 - WiFiDetector - ERROR - [CRITICAL] ENCRYPTION_VIOLATION: SEC_POLICY_FAILURE: Whitelisted SSID 'HENG_2.4GHz' expected 'WPA2' but found 'WPA3-Personal'. (SSID: HENG_2.4GHz, MAC: 0ed68fbeb38f)
2026-03-11 18:07:26,392 - WiFiDetector - ERROR - [CRITICAL] ENCRYPTION_VIOLATION: SEC_POLICY_FAILURE: Whitelisted SSID 'HENG_2.4GHz' expected 'WPA2' but found 'WPA3-Personal'. (SSID: HENG_2.4GHz, MAC: 6c442a7e7fc0)
2026-03-11 18:07:31,472 - WiFiDetector - ERROR - [CRITICAL] WHITELIST_BREACH: BLOCK: Unauthorized Generic Vendor device hijacking secure SSID 'HENG_2.4GHz'. (SSID: HENG_2.4GHz, MAC: 0ed68fbeb38f)
2026-03-11 18:07:31,473 - WiFiDetector - ERROR - [CRITICAL] ENCRYPTION_VIOLATION: SEC_POLICY_FAILURE: Whitelisted SSID 'HENG_2.4GHz' expected 'WPA2' but found 'WPA3-Personal'. (SSID: HENG_2.4GHz, MAC: 0ed68fbeb38f)
2026-03-11 18:07:31,473 - WiFiDetector - ERROR - [CRITICAL] ENCRYPTION_VIOLATION: SEC_POLICY_FAILURE: Whitelisted SSID 'HENG_2.4GHz' expected 'WPA2' but found 'WPA3-Personal'. (SSID: HENG_2.4GHz, MAC: 6c442a7e7fc0)
2026-03-11 18:07:36,554 - WiFiDetector - ERROR - [CRITICAL] WHITELIST_BREACH: BLOCK: Unauthorized Generic Vendor device hijacking secure SSID 'HENG_2.4GHz'. (SSID: HENG_2.4GHz, MAC: 0ed68fbeb38f)
2026-03-11 18:07:36,563 - WiFiDetector - ERROR - [CRITICAL] ENCRYPTION_VIOLATION: SEC_POLICY_FAILURE: Whitelisted SSID 'HENG_2.4GHz' expected 'WPA2' but found 'WPA3-Personal'. (SSID: HENG_2.4GHz, MAC: 0ed68fbeb38f)
2026-03-11 18:07:36,563 - WiFiDetector - ERROR - [CRITICAL] ENCRYPTION_VIOLATION: SEC_POLICY_FAILURE: Whitelisted SSID 'HENG_2.4GHz' expected 'WPA2' but found 'WPA3-Personal'. (SSID: HENG_2.4GHz, MAC: 6c442a7e7fc0)
2026-03-11 18:07:41,644 - WiFiDetector - ERROR - [CRITICAL] WHITELIST_BREACH: BLOCK: Unauthorized Generic Vendor device hijacking secure SSID 'HENG_2.4GHz'. (SSID: HENG_2.4GHz, MAC: 0ed68fbeb38f)
2026-03-11 18:07:41,644 - WiFiDetector - ERROR - [CRITICAL] ENCRYPTION_VIOLATION: SEC_POLICY_FAILURE: Whitelisted SSID 'HENG_2.4GHz' expected 'WPA2' but found 'WPA3-Personal'. (SSID: HENG_2.4GHz, MAC: 0ed68fbeb38f)
2026-03-11 18:07:41,645 - WiFiDetector - ERROR - [CRITICAL] ENCRYPTION_VIOLATION: SEC_POLICY_FAILURE: Whitelisted SSID 'HENG_2.4GHz' expected 'WPA2' but found 'WPA3-Personal'. (SSID: HENG_2.4GHz, MAC: 6c442a7e7fc0)
2026-03-11 18:07:46,726 - WiFiDetector - ERROR - [CRITICAL] WHITELIST_BREACH: BLOCK: Unauthorized Generic Vendor device hijacking secure SSID 'HENG_2.4GHz'. (SSID: HENG_2.4GHz, MAC: 0ed68fbeb38f)
2026-03-11 18:07:46,727 - WiFiDetector - ERROR - [CRITICAL] ENCRYPTION_VIOLATION: SEC_POLICY_FAILURE: Whitelisted SSID 'HENG_2.4GHz' expected 'WPA2' but found 'WPA3-Personal'. (SSID: HENG_2.4GHz, MAC: 0ed68fbeb38f)
2026-03-11 18:07:46,727 - WiFiDetector - ERROR - [CRITICAL] ENCRYPTION_VIOLATION: SEC_POLICY_FAILURE: Whitelisted SSID 'HENG_2.4GHz' expected 'WPA2' but found 'WPA3-Personal'. (SSID: HENG_2.4GHz, MAC: 6c442a7e7fc0)
2026-03-11 18:07:51,808 - WiFiDetector - ERROR - [CRITICAL] WHITELIST_BREACH: BLOCK: Unauthorized Generic Vendor device hijacking secure SSID 'HENG_2.4GHz'. (SSID: HENG_2.4GHz, MAC: 0ed68fbeb38f)
2026-03-11 18:07:51,809 - WiFiDetector - ERROR - [CRITICAL] ENCRYPTION_VIOLATION: SEC_POLICY_FAILURE: Whitelisted SSID 'HENG_2.4GHz' expected 'WPA2' but found 'WPA3-Personal'. (SSID: HENG_2.4GHz, MAC: 0ed68fbeb38f)
2026-03-11 18:07:51,809 - WiFiDetector - ERROR - [CRITICAL] ENCRYPTION_VIOLATION: SEC_POLICY_FAILURE: Whitelisted SSID 'HENG_2.4GHz' expected 'WPA2' but found 'WPA3-Personal'. (SSID: HENG_2.4GHz, MAC: 6c442a7e7fc0)
2026-03-11 18:07:56,890 - WiFiDetector - ERROR - [CRITICAL] WHITELIST_BREACH: BLOCK: Unauthorized Generic Vendor device hijacking secure SSID 'HENG_2.4GHz'. (SSID: HENG_2.4GHz, MAC: 0ed68fbeb38f)
2026-03-11 18:07:56,895 - WiFiDetector - ERROR - [CRITICAL] ENCRYPTION_VIOLATION: SEC_POLICY_FAILURE: Whitelisted SSID 'HENG_2.4GHz' expected 'WPA2' but found 'WPA3-Personal'. (SSID: HENG_2.4GHz, MAC: 0ed68fbeb38f)
2026-03-11 18:07:56,896 - WiFiDetector - ERROR - [CRITICAL] ENCRYPTION_VIOLATION: SEC_POLICY_FAILURE: Whitelisted SSID 'HENG_2.4GHz' expected 'WPA2' but found 'WPA3-Personal'. (SSID: HENG_2.4GHz, MAC: 6c442a7e7fc0)
2026-03-11 18:08:01,978 - WiFiDetector - ERROR - [CRITICAL] WHITELIST_BREACH: BLOCK: Unauthorized Generic Vendor device hijacking secure SSID 'HENG_2.4GHz'. (SSID: HENG_2.4GHz, MAC: 0ed68fbeb38f)
2026-03-11 18:08:01,978 - WiFiDetector - ERROR - [CRITICAL] ENCRYPTION_VIOLATION: SEC_POLICY_FAILURE: Whitelisted SSID 'HENG_2.4GHz' expected 'WPA2' but found 'WPA3-Personal'. (SSID: HENG_2.4GHz, MAC: 0ed68fbeb38f)
2026-03-11 18:08:01,979 - WiFiDetector - ERROR - [CRITICAL] ENCRYPTION_VIOLATION: SEC_POLICY_FAILURE: Whitelisted SSID 'HENG_2.4GHz' expected 'WPA2' but found 'WPA3-Personal'. (SSID: HENG_2.4GHz, MAC: 6c442a7e7fc0)
2026-03-11 18:08:07,061 - WiFiDetector - ERROR - [CRITICAL] WHITELIST_BREACH: BLOCK: Unauthorized Generic Vendor device hijacking secure SSID 'HENG_2.4GHz'. (SSID: HENG_2.4GHz, MAC: 0ed68fbeb38f)
2026-03-11 18:08:07,061 - WiFiDetector - ERROR - [CRITICAL] ENCRYPTION_VIOLATION: SEC_POLICY_FAILURE: Whitelisted SSID 'HENG_2.4GHz' expected 'WPA2' but found 'WPA3-Personal'. (SSID: HENG_2.4GHz, MAC: 0ed68fbeb38f)
2026-03-11 18:08:07,062 - WiFiDetector - ERROR - [CRITICAL] ENCRYPTION_VIOLATION: SEC_POLICY_FAILURE: Whitelisted SSID 'HENG_2.4GHz' expected 'WPA2' but found 'WPA3-Personal'. (SSID: HENG_2.4GHz, MAC: 6c442a7e7fc0)
2026-03-11 18:08:12,143 - WiFiDetector - ERROR - [CRITICAL] WHITELIST_BREACH: BLOCK: Unauthorized Generic Vendor device hijacking secure SSID 'HENG_2.4GHz'. (SSID: HENG_2.4GHz, MAC: 0ed68fbeb38f)
2026-03-11 18:08:12,144 - WiFiDetector - ERROR - [CRITICAL] ENCRYPTION_VIOLATION: SEC_POLICY_FAILURE: Whitelisted SSID 'HENG_2.4GHz' expected 'WPA2' but found 'WPA3-Personal'. (SSID: HENG_2.4GHz, MAC: 0ed68fbeb38f)
2026-03-11 18:08:12,144 - WiFiDetector - ERROR - [CRITICAL] ENCRYPTION_VIOLATION: SEC_POLICY_FAILURE: Whitelisted SSID 'HENG_2.4GHz' expected 'WPA2' but found 'WPA3-Personal'. (SSID: HENG_2.4GHz, MAC: 6c442a7e7fc0)
2026-03-11 18:08:17,232 - WiFiDetector - ERROR - [CRITICAL] WHITELIST_BREACH: BLOCK: Unauthorized Generic Vendor device hijacking secure SSID 'HENG_2.4GHz'. (SSID: HENG_2.4GHz, MAC: 0ed68fbeb38f)
2026-03-11 18:08:17,233 - WiFiDetector - ERROR - [CRITICAL] ENCRYPTION_VIOLATION: SEC_POLICY_FAILURE: Whitelisted SSID 'HENG_2.4GHz' expected 'WPA2' but found 'WPA3-Personal'. (SSID: HENG_2.4GHz, MAC: 0ed68fbeb38f)
2026-03-11 18:08:17,233 - WiFiDetector - ERROR - [CRITICAL] CHANNEL_HIJACK: CHANNEL_COLLISION: High-power overlap on Ch 8 for 'HENG_2.4GHz'. Trusted AP is being masked by an unknown device. (SSID: HENG_2.4GHz, MAC: 6c442a7e7fc0)
2026-03-11 18:08:17,233 - WiFiDetector - ERROR - [CRITICAL] ENCRYPTION_VIOLATION: SEC_POLICY_FAILURE: Whitelisted SSID 'HENG_2.4GHz' expected 'WPA2' but found 'WPA3-Personal'. (SSID: HENG_2.4GHz, MAC: 6c442a7e7fc0)
2026-03-11 18:08:22,321 - WiFiDetector - ERROR - [CRITICAL] WHITELIST_BREACH: BLOCK: Unauthorized Generic Vendor device hijacking secure SSID 'HENG_2.4GHz'. (SSID: HENG_2.4GHz, MAC: 0ed68fbeb38f)
2026-03-11 18:08:22,321 - WiFiDetector - ERROR - [CRITICAL] ENCRYPTION_VIOLATION: SEC_POLICY_FAILURE: Whitelisted SSID 'HENG_2.4GHz' expected 'WPA2' but found 'WPA3-Personal'. (SSID: HENG_2.4GHz, MAC: 0ed68fbeb38f)
2026-03-11 18:08:22,322 - WiFiDetector - ERROR - [CRITICAL] CHANNEL_HIJACK: CHANNEL_COLLISION: High-power overlap on Ch 8 for 'HENG_2.4GHz'. Trusted AP is being masked by an unknown device. (SSID: HENG_2.4GHz, MAC: 6c442a7e7fc0)
2026-03-11 18:08:22,322 - WiFiDetector - ERROR - [CRITICAL] ENCRYPTION_VIOLATION: SEC_POLICY_FAILURE: Whitelisted SSID 'HENG_2.4GHz' expected 'WPA2' but found 'WPA3-Personal'. (SSID: HENG_2.4GHz, MAC: 6c442a7e7fc0)
2026-03-11 18:08:27,409 - WiFiDetector - ERROR - [CRITICAL] WHITELIST_BREACH: BLOCK: Unauthorized Generic Vendor device hijacking secure SSID 'HENG_2.4GHz'. (SSID: HENG_2.4GHz, MAC: 0ed68fbeb38f)
2026-03-11 18:08:27,417 - WiFiDetector - ERROR - [CRITICAL] ENCRYPTION_VIOLATION: SEC_POLICY_FAILURE: Whitelisted SSID 'HENG_2.4GHz' expected 'WPA2' but found 'WPA3-Personal'. (SSID: HENG_2.4GHz, MAC: 0ed68fbeb38f)
2026-03-11 18:08:27,417 - WiFiDetector - ERROR - [CRITICAL] CHANNEL_HIJACK: CHANNEL_COLLISION: High-power overlap on Ch 8 for 'HENG_2.4GHz'. Trusted AP is being masked by an unknown device. (SSID: HENG_2.4GHz, MAC: 6c442a7e7fc0)
2026-03-11 18:08:27,417 - WiFiDetector - ERROR - [CRITICAL] ENCRYPTION_VIOLATION: SEC_POLICY_FAILURE: Whitelisted SSID 'HENG_2.4GHz' expected 'WPA2' but found 'WPA3-Personal'. (SSID: HENG_2.4GHz, MAC: 6c442a7e7fc0)
2026-03-11 18:08:32,505 - WiFiDetector - ERROR - [CRITICAL] WHITELIST_BREACH: BLOCK: Unauthorized Generic Vendor device hijacking secure SSID 'HENG_2.4GHz'. (SSID: HENG_2.4GHz, MAC: 0ed68fbeb38f)
2026-03-11 18:08:32,511 - WiFiDetector - ERROR - [CRITICAL] ENCRYPTION_VIOLATION: SEC_POLICY_FAILURE: Whitelisted SSID 'HENG_2.4GHz' expected 'WPA2' but found 'WPA3-Personal'. (SSID: HENG_2.4GHz, MAC: 0ed68fbeb38f)
2026-03-11 18:08:32,512 - WiFiDetector - ERROR - [CRITICAL] CHANNEL_HIJACK: CHANNEL_COLLISION: High-power overlap on Ch 8 for 'HENG_2.4GHz'. Trusted AP is being masked by an unknown device. (SSID: HENG_2.4GHz, MAC: 6c442a7e7fc0)
2026-03-11 18:08:32,512 - WiFiDetector - ERROR - [CRITICAL] ENCRYPTION_VIOLATION: SEC_POLICY_FAILURE: Whitelisted SSID 'HENG_2.4GHz' expected 'WPA2' but found 'WPA3-Personal'. (SSID: HENG_2.4GHz, MAC: 6c442a7e7fc0)
2026-03-11 18:08:37,599 - WiFiDetector - ERROR - [CRITICAL] WHITELIST_BREACH: BLOCK: Unauthorized Generic Vendor device hijacking secure SSID 'HENG_2.4GHz'. (SSID: HENG_2.4GHz, MAC: 0ed68fbeb38f)
2026-03-11 18:08:37,600 - WiFiDetector - ERROR - [CRITICAL] ENCRYPTION_VIOLATION: SEC_POLICY_FAILURE: Whitelisted SSID 'HENG_2.4GHz' expected 'WPA2' but found 'WPA3-Personal'. (SSID: HENG_2.4GHz, MAC: 0ed68fbeb38f)
2026-03-11 18:08:37,600 - WiFiDetector - ERROR - [CRITICAL] CHANNEL_HIJACK: CHANNEL_COLLISION: High-power overlap on Ch 8 for 'HENG_2.4GHz'. Trusted AP is being masked by an unknown device. (SSID: HENG_2.4GHz, MAC: 6c442a7e7fc0)
2026-03-11 18:08:37,600 - WiFiDetector - ERROR - [CRITICAL] ENCRYPTION_VIOLATION: SEC_POLICY_FAILURE: Whitelisted SSID 'HENG_2.4GHz' expected 'WPA2' but found 'WPA3-Personal'. (SSID: HENG_2.4GHz, MAC: 6c442a7e7fc0)
2026-03-11 18:08:42,687 - WiFiDetector - ERROR - [CRITICAL] WHITELIST_BREACH: BLOCK: Unauthorized Generic Vendor device hijacking secure SSID 'HENG_2.4GHz'. (SSID: HENG_2.4GHz, MAC: 0ed68fbeb38f)
2026-03-11 18:08:42,688 - WiFiDetector - ERROR - [CRITICAL] ENCRYPTION_VIOLATION: SEC_POLICY_FAILURE: Whitelisted SSID 'HENG_2.4GHz' expected 'WPA2' but found 'WPA3-Personal'. (SSID: HENG_2.4GHz, MAC: 0ed68fbeb38f)
2026-03-11 18:08:42,688 - WiFiDetector - ERROR - [CRITICAL] CHANNEL_HIJACK: CHANNEL_COLLISION: High-power overlap on Ch 8 for 'HENG_2.4GHz'. Trusted AP is being masked by an unknown device. (SSID: HENG_2.4GHz, MAC: 6c442a7e7fc0)
2026-03-11 18:08:42,689 - WiFiDetector - ERROR - [CRITICAL] ENCRYPTION_VIOLATION: SEC_POLICY_FAILURE: Whitelisted SSID 'HENG_2.4GHz' expected 'WPA2' but found 'WPA3-Personal'. (SSID: HENG_2.4GHz, MAC: 6c442a7e7fc0)
2026-03-11 18:08:47,777 - WiFiDetector - ERROR - [CRITICAL] WHITELIST_BREACH: BLOCK: Unauthorized Generic Vendor device hijacking secure SSID 'HENG_2.4GHz'. (SSID: HENG_2.4GHz, MAC: 0ed68fbeb38f)
2026-03-11 18:08:47,777 - WiFiDetector - ERROR - [CRITICAL] ENCRYPTION_VIOLATION: SEC_POLICY_FAILURE: Whitelisted SSID 'HENG_2.4GHz' expected 'WPA2' but found 'WPA3-Personal'. (SSID: HENG_2.4GHz, MAC: 0ed68fbeb38f)
2026-03-11 18:08:47,777 - WiFiDetector - ERROR - [CRITICAL] CHANNEL_HIJACK: CHANNEL_COLLISION: High-power overlap on Ch 8 for 'HENG_2.4GHz'. Trusted AP is being masked by an unknown device. (SSID: HENG_2.4GHz, MAC: 6c442a7e7fc0)
2026-03-11 18:08:47,778 - WiFiDetector - ERROR - [CRITICAL] ENCRYPTION_VIOLATION: SEC_POLICY_FAILURE: Whitelisted SSID 'HENG_2.4GHz' expected 'WPA2' but found 'WPA3-Personal'. (SSID: HENG_2.4GHz, MAC: 6c442a7e7fc0)
2026-03-11 18:08:52,865 - WiFiDetector - ERROR - [CRITICAL] WHITELIST_BREACH: BLOCK: Unauthorized Generic Vendor device hijacking secure SSID 'HENG_2.4GHz'. (SSID: HENG_2.4GHz, MAC: 0ed68fbeb38f)
2026-03-11 18:08:52,866 - WiFiDetector - ERROR - [CRITICAL] ENCRYPTION_VIOLATION: SEC_POLICY_FAILURE: Whitelisted SSID 'HENG_2.4GHz' expected 'WPA2' but found 'WPA3-Personal'. (SSID: HENG_2.4GHz, MAC: 0ed68fbeb38f)
2026-03-11 18:08:52,867 - WiFiDetector - ERROR - [CRITICAL] CHANNEL_HIJACK: CHANNEL_COLLISION: High-power overlap on Ch 8 for 'HENG_2.4GHz'. Trusted AP is being masked by an unknown device. (SSID: HENG_2.4GHz, MAC: 6c442a7e7fc0)
2026-03-11 18:08:52,867 - WiFiDetector - ERROR - [CRITICAL] ENCRYPTION_VIOLATION: SEC_POLICY_FAILURE: Whitelisted SSID 'HENG_2.4GHz' expected 'WPA2' but found 'WPA3-Personal'. (SSID: HENG_2.4GHz, MAC: 6c442a7e7fc0)
2026-03-11 18:08:57,955 - WiFiDetector - ERROR - [CRITICAL] WHITELIST_BREACH: BLOCK: Unauthorized Generic Vendor device hijacking secure SSID 'HENG_2.4GHz'. (SSID: HENG_2.4GHz, MAC: 0ed68fbeb38f)
2026-03-11 18:08:57,956 - WiFiDetector - ERROR - [CRITICAL] ENCRYPTION_VIOLATION: SEC_POLICY_FAILURE: Whitelisted SSID 'HENG_2.4GHz' expected 'WPA2' but found 'WPA3-Personal'. (SSID: HENG_2.4GHz, MAC: 0ed68fbeb38f)
2026-03-11 18:08:57,956 - WiFiDetector - ERROR - [CRITICAL] CHANNEL_HIJACK: CHANNEL_COLLISION: High-power overlap on Ch 8 for 'HENG_2.4GHz'. Trusted AP is being masked by an unknown device. (SSID: HENG_2.4GHz, MAC: 6c442a7e7fc0)
2026-03-11 18:08:57,957 - WiFiDetector - ERROR - [CRITICAL] ENCRYPTION_VIOLATION: SEC_POLICY_FAILURE: Whitelisted SSID 'HENG_2.4GHz' expected 'WPA2' but found 'WPA3-Personal'. (SSID: HENG_2.4GHz, MAC: 6c442a7e7fc0)
2026-03-11 18:09:03,046 - WiFiDetector - ERROR - [CRITICAL] WHITELIST_BREACH: BLOCK: Unauthorized Generic Vendor device hijacking secure SSID 'HENG_2.4GHz'. (SSID: HENG_2.4GHz, MAC: 0ed68fbeb38f)
2026-03-11 18:09:03,046 - WiFiDetector - ERROR - [CRITICAL] ENCRYPTION_VIOLATION: SEC_POLICY_FAILURE: Whitelisted SSID 'HENG_2.4GHz' expected 'WPA2' but found 'WPA3-Personal'. (SSID: HENG_2.4GHz, MAC: 0ed68fbeb38f)
2026-03-11 18:09:03,047 - WiFiDetector - ERROR - [CRITICAL] CHANNEL_HIJACK: CHANNEL_COLLISION: High-power overlap on Ch 8 for 'HENG_2.4GHz'. Trusted AP is being masked by an unknown device. (SSID: HENG_2.4GHz, MAC: 6c442a7e7fc0)
2026-03-11 18:09:03,047 - WiFiDetector - ERROR - [CRITICAL] ENCRYPTION_VIOLATION: SEC_POLICY_FAILURE: Whitelisted SSID 'HENG_2.4GHz' expected 'WPA2' but found 'WPA3-Personal'. (SSID: HENG_2.4GHz, MAC: 6c442a7e7fc0)
2026-03-11 18:09:08,134 - WiFiDetector - ERROR - [CRITICAL] WHITELIST_BREACH: BLOCK: Unauthorized Generic Vendor device hijacking secure SSID 'HENG_2.4GHz'. (SSID: HENG_2.4GHz, MAC: 0ed68fbeb38f)
2026-03-11 18:09:08,134 - WiFiDetector - ERROR - [CRITICAL] ENCRYPTION_VIOLATION: SEC_POLICY_FAILURE: Whitelisted SSID 'HENG_2.4GHz' expected 'WPA2' but found 'WPA3-Personal'. (SSID: HENG_2.4GHz, MAC: 0ed68fbeb38f)
2026-03-11 18:09:08,135 - WiFiDetector - ERROR - [CRITICAL] CHANNEL_HIJACK: CHANNEL_COLLISION: High-power overlap on Ch 8 for 'HENG_2.4GHz'. Trusted AP is being masked by an unknown device. (SSID: HENG_2.4GHz, MAC: 6c442a7e7fc0)
2026-03-11 18:09:08,135 - WiFiDetector - ERROR - [CRITICAL] ENCRYPTION_VIOLATION: SEC_POLICY_FAILURE: Whitelisted SSID 'HENG_2.4GHz' expected 'WPA2' but found 'WPA3-Personal'. (SSID: HENG_2.4GHz, MAC: 6c442a7e7fc0)
2026-03-11 18:09:13,216 - WiFiDetector - ERROR - [CRITICAL] ENCRYPTION_VIOLATION: SEC_POLICY_FAILURE: Whitelisted SSID 'HENG_2.4GHz' expected 'WPA2' but found 'WPA3-Personal'. (SSID: HENG_2.4GHz, MAC: 6c442a7e7fc0)
2026-03-11 18:09:13,216 - WiFiDetector - ERROR - [CRITICAL] CHANNEL_HIJACK: CHANNEL_COLLISION: High-power overlap on Ch 8 for 'HENG_2.4GHz'. Trusted AP is being masked by an unknown device. (SSID: HENG_2.4GHz, MAC: 0ed68fbeb38f)
2026-03-11 18:09:13,217 - WiFiDetector - ERROR - [CRITICAL] WHITELIST_BREACH: BLOCK: Unauthorized Generic Vendor device hijacking secure SSID 'HENG_2.4GHz'. (SSID: HENG_2.4GHz, MAC: 0ed68fbeb38f)
2026-03-11 18:09:13,217 - WiFiDetector - ERROR - [CRITICAL] ENCRYPTION_VIOLATION: SEC_POLICY_FAILURE: Whitelisted SSID 'HENG_2.4GHz' expected 'WPA2' but found 'WPA3-Personal'. (SSID: HENG_2.4GHz, MAC: 0ed68fbeb38f)
2026-03-11 18:09:18,298 - WiFiDetector - ERROR - [CRITICAL] ENCRYPTION_VIOLATION: SEC_POLICY_FAILURE: Whitelisted SSID 'HENG_2.4GHz' expected 'WPA2' but found 'WPA3-Personal'. (SSID: HENG_2.4GHz, MAC: 6c442a7e7fc0)
2026-03-11 18:09:18,299 - WiFiDetector - ERROR - [CRITICAL] CHANNEL_HIJACK: CHANNEL_COLLISION: High-power overlap on Ch 8 for 'HENG_2.4GHz'. Trusted AP is being masked by an unknown device. (SSID: HENG_2.4GHz, MAC: 0ed68fbeb38f)
2026-03-11 18:09:18,299 - WiFiDetector - ERROR - [CRITICAL] WHITELIST_BREACH: BLOCK: Unauthorized Generic Vendor device hijacking secure SSID 'HENG_2.4GHz'. (SSID: HENG_2.4GHz, MAC: 0ed68fbeb38f)
2026-03-11 18:09:18,299 - WiFiDetector - ERROR - [CRITICAL] ENCRYPTION_VIOLATION: SEC_POLICY_FAILURE: Whitelisted SSID 'HENG_2.4GHz' expected 'WPA2' but found 'WPA3-Personal'. (SSID: HENG_2.4GHz, MAC: 0ed68fbeb38f)
2026-03-11 18:09:23,380 - WiFiDetector - ERROR - [CRITICAL] ENCRYPTION_VIOLATION: SEC_POLICY_FAILURE: Whitelisted SSID 'HENG_2.4GHz' expected 'WPA2' but found 'WPA3-Personal'. (SSID: HENG_2.4GHz, MAC: 6c442a7e7fc0)
2026-03-11 18:09:23,381 - WiFiDetector - ERROR - [CRITICAL] CHANNEL_HIJACK: CHANNEL_COLLISION: High-power overlap on Ch 8 for 'HENG_2.4GHz'. Trusted AP is being masked by an unknown device. (SSID: HENG_2.4GHz, MAC: 0ed68fbeb38f)
2026-03-11 18:09:23,381 - WiFiDetector - ERROR - [CRITICAL] WHITELIST_BREACH: BLOCK: Unauthorized Generic Vendor device hijacking secure SSID 'HENG_2.4GHz'. (SSID: HENG_2.4GHz, MAC: 0ed68fbeb38f)
2026-03-11 18:09:23,382 - WiFiDetector - ERROR - [CRITICAL] ENCRYPTION_VIOLATION: SEC_POLICY_FAILURE: Whitelisted SSID 'HENG_2.4GHz' expected 'WPA2' but found 'WPA3-Personal'. (SSID: HENG_2.4GHz, MAC: 0ed68fbeb38f)
2026-03-11 18:09:28,463 - WiFiDetector - ERROR - [CRITICAL] ENCRYPTION_VIOLATION: SEC_POLICY_FAILURE: Whitelisted SSID 'HENG_2.4GHz' expected 'WPA2' but found 'WPA3-Personal'. (SSID: HENG_2.4GHz, MAC: 6c442a7e7fc0)
2026-03-11 18:09:28,464 - WiFiDetector - ERROR - [CRITICAL] CHANNEL_HIJACK: CHANNEL_COLLISION: High-power overlap on Ch 8 for 'HENG_2.4GHz'. Trusted AP is being masked by an unknown device. (SSID: HENG_2.4GHz, MAC: 0ed68fbeb38f)
2026-03-11 18:09:28,464 - WiFiDetector - ERROR - [CRITICAL] WHITELIST_BREACH: BLOCK: Unauthorized Generic Vendor device hijacking secure SSID 'HENG_2.4GHz'. (SSID: HENG_2.4GHz, MAC: 0ed68fbeb38f)
2026-03-11 18:09:28,464 - WiFiDetector - ERROR - [CRITICAL] ENCRYPTION_VIOLATION: SEC_POLICY_FAILURE: Whitelisted SSID 'HENG_2.4GHz' expected 'WPA2' but found 'WPA3-Personal'. (SSID: HENG_2.4GHz, MAC: 0ed68fbeb38f)
2026-03-11 18:09:33,545 - WiFiDetector - ERROR - [CRITICAL] ENCRYPTION_VIOLATION: SEC_POLICY_FAILURE: Whitelisted SSID 'HENG_2.4GHz' expected 'WPA2' but found 'WPA3-Personal'. (SSID: HENG_2.4GHz, MAC: 6c442a7e7fc0)
2026-03-11 18:09:33,546 - WiFiDetector - ERROR - [CRITICAL] CHANNEL_HIJACK: CHANNEL_COLLISION: High-power overlap on Ch 8 for 'HENG_2.4GHz'. Trusted AP is being masked by an unknown device. (SSID: HENG_2.4GHz, MAC: 0ed68fbeb38f)
2026-03-11 18:09:33,546 - WiFiDetector - ERROR - [CRITICAL] WHITELIST_BREACH: BLOCK: Unauthorized Generic Vendor device hijacking secure SSID 'HENG_2.4GHz'. (SSID: HENG_2.4GHz, MAC: 0ed68fbeb38f)
2026-03-11 18:09:33,547 - WiFiDetector - ERROR - [CRITICAL] ENCRYPTION_VIOLATION: SEC_POLICY_FAILURE: Whitelisted SSID 'HENG_2.4GHz' expected 'WPA2' but found 'WPA3-Personal'. (SSID: HENG_2.4GHz, MAC: 0ed68fbeb38f)
2026-03-11 18:09:38,627 - WiFiDetector - ERROR - [CRITICAL] ENCRYPTION_VIOLATION: SEC_POLICY_FAILURE: Whitelisted SSID 'HENG_2.4GHz' expected 'WPA2' but found 'WPA3-Personal'. (SSID: HENG_2.4GHz, MAC: 6c442a7e7fc0)
2026-03-11 18:09:38,628 - WiFiDetector - ERROR - [CRITICAL] CHANNEL_HIJACK: CHANNEL_COLLISION: High-power overlap on Ch 8 for 'HENG_2.4GHz'. Trusted AP is being masked by an unknown device. (SSID: HENG_2.4GHz, MAC: 0ed68fbeb38f)
2026-03-11 18:09:38,628 - WiFiDetector - ERROR - [CRITICAL] WHITELIST_BREACH: BLOCK: Unauthorized Generic Vendor device hijacking secure SSID 'HENG_2.4GHz'. (SSID: HENG_2.4GHz, MAC: 0ed68fbeb38f)
2026-03-11 18:09:38,628 - WiFiDetector - ERROR - [CRITICAL] ENCRYPTION_VIOLATION: SEC_POLICY_FAILURE: Whitelisted SSID 'HENG_2.4GHz' expected 'WPA2' but found 'WPA3-Personal'. (SSID: HENG_2.4GHz, MAC: 0ed68fbeb38f)
2026-03-11 18:09:43,709 - WiFiDetector - ERROR - [CRITICAL] ENCRYPTION_VIOLATION: SEC_POLICY_FAILURE: Whitelisted SSID 'HENG_2.4GHz' expected 'WPA2' but found 'WPA3-Personal'. (SSID: HENG_2.4GHz, MAC: 6c442a7e7fc0)
2026-03-11 18:09:43,709 - WiFiDetector - ERROR - [CRITICAL] CHANNEL_HIJACK: CHANNEL_COLLISION: High-power overlap on Ch 8 for 'HENG_2.4GHz'. Trusted AP is being masked by an unknown device. (SSID: HENG_2.4GHz, MAC: 0ed68fbeb38f)
2026-03-11 18:09:43,710 - WiFiDetector - ERROR - [CRITICAL] WHITELIST_BREACH: BLOCK: Unauthorized Generic Vendor device hijacking secure SSID 'HENG_2.4GHz'. (SSID: HENG_2.4GHz, MAC: 0ed68fbeb38f)
2026-03-11 18:09:43,710 - WiFiDetector - ERROR - [CRITICAL] ENCRYPTION_VIOLATION: SEC_POLICY_FAILURE: Whitelisted SSID 'HENG_2.4GHz' expected 'WPA2' but found 'WPA3-Personal'. (SSID: HENG_2.4GHz, MAC: 0ed68fbeb38f)
2026-03-11 18:09:48,795 - WiFiDetector - ERROR - [CRITICAL] ENCRYPTION_VIOLATION: SEC_POLICY_FAILURE: Whitelisted SSID 'HENG_2.4GHz' expected 'WPA2' but found 'WPA3-Personal'. (SSID: HENG_2.4GHz, MAC: 6c442a7e7fc0)
2026-03-11 18:09:48,795 - WiFiDetector - ERROR - [CRITICAL] CHANNEL_HIJACK: CHANNEL_COLLISION: High-power overlap on Ch 8 for 'HENG_2.4GHz'. Trusted AP is being masked by an unknown device. (SSID: HENG_2.4GHz, MAC: 0ed68fbeb38f)
2026-03-11 18:09:48,796 - WiFiDetector - ERROR - [CRITICAL] WHITELIST_BREACH: BLOCK: Unauthorized Generic Vendor device hijacking secure SSID 'HENG_2.4GHz'. (SSID: HENG_2.4GHz, MAC: 0ed68fbeb38f)
2026-03-11 18:09:48,796 - WiFiDetector - ERROR - [CRITICAL] ENCRYPTION_VIOLATION: SEC_POLICY_FAILURE: Whitelisted SSID 'HENG_2.4GHz' expected 'WPA2' but found 'WPA3-Personal'. (SSID: HENG_2.4GHz, MAC: 0ed68fbeb38f)
2026-03-11 18:09:53,878 - WiFiDetector - ERROR - [CRITICAL] ENCRYPTION_VIOLATION: SEC_POLICY_FAILURE: Whitelisted SSID 'HENG_2.4GHz' expected 'WPA2' but found 'WPA3-Personal'. (SSID: HENG_2.4GHz, MAC: 6c442a7e7fc0)
2026-03-11 18:09:53,879 - WiFiDetector - ERROR - [CRITICAL] CHANNEL_HIJACK: CHANNEL_COLLISION: High-power overlap on Ch 8 for 'HENG_2.4GHz'. Trusted AP is being masked by an unknown device. (SSID: HENG_2.4GHz, MAC: 0ed68fbeb38f)
2026-03-11 18:09:53,879 - WiFiDetector - ERROR - [CRITICAL] WHITELIST_BREACH: BLOCK: Unauthorized Generic Vendor device hijacking secure SSID 'HENG_2.4GHz'. (SSID: HENG_2.4GHz, MAC: 0ed68fbeb38f)
2026-03-11 18:09:53,879 - WiFiDetector - ERROR - [CRITICAL] ENCRYPTION_VIOLATION: SEC_POLICY_FAILURE: Whitelisted SSID 'HENG_2.4GHz' expected 'WPA2' but found 'WPA3-Personal'. (SSID: HENG_2.4GHz, MAC: 0ed68fbeb38f)
2026-03-11 18:09:58,960 - WiFiDetector - ERROR - [CRITICAL] ENCRYPTION_VIOLATION: SEC_POLICY_FAILURE: Whitelisted SSID 'HENG_2.4GHz' expected 'WPA2' but found 'WPA3-Personal'. (SSID: HENG_2.4GHz, MAC: 6c442a7e7fc0)
2026-03-11 18:09:58,961 - WiFiDetector - ERROR - [CRITICAL] CHANNEL_HIJACK: CHANNEL_COLLISION: High-power overlap on Ch 8 for 'HENG_2.4GHz'. Trusted AP is being masked by an unknown device. (SSID: HENG_2.4GHz, MAC: 0ed68fbeb38f)
2026-03-11 18:09:58,961 - WiFiDetector - ERROR - [CRITICAL] WHITELIST_BREACH: BLOCK: Unauthorized Generic Vendor device hijacking secure SSID 'HENG_2.4GHz'. (SSID: HENG_2.4GHz, MAC: 0ed68fbeb38f)
2026-03-11 18:09:58,962 - WiFiDetector - ERROR - [CRITICAL] ENCRYPTION_VIOLATION: SEC_POLICY_FAILURE: Whitelisted SSID 'HENG_2.4GHz' expected 'WPA2' but found 'WPA3-Personal'. (SSID: HENG_2.4GHz, MAC: 0ed68fbeb38f)
2026-03-11 18:10:04,043 - WiFiDetector - ERROR - [CRITICAL] ENCRYPTION_VIOLATION: SEC_POLICY_FAILURE: Whitelisted SSID 'HENG_2.4GHz' expected 'WPA2' but found 'WPA3-Personal'. (SSID: HENG_2.4GHz, MAC: 6c442a7e7fc0)
2026-03-11 18:10:04,043 - WiFiDetector - ERROR - [CRITICAL] CHANNEL_HIJACK: CHANNEL_COLLISION: High-power overlap on Ch 8 for 'HENG_2.4GHz'. Trusted AP is being masked by an unknown device. (SSID: HENG_2.4GHz, MAC: 0ed68fbeb38f)
2026-03-11 18:10:04,044 - WiFiDetector - ERROR - [CRITICAL] WHITELIST_BREACH: BLOCK: Unauthorized Generic Vendor device hijacking secure SSID 'HENG_2.4GHz'. (SSID: HENG_2.4GHz, MAC: 0ed68fbeb38f)
2026-03-11 18:10:04,044 - WiFiDetector - ERROR - [CRITICAL] ENCRYPTION_VIOLATION: SEC_POLICY_FAILURE: Whitelisted SSID 'HENG_2.4GHz' expected 'WPA2' but found 'WPA3-Personal'. (SSID: HENG_2.4GHz, MAC: 0ed68fbeb38f)
2026-03-11 18:10:09,126 - WiFiDetector - ERROR - [CRITICAL] ENCRYPTION_VIOLATION: SEC_POLICY_FAILURE: Whitelisted SSID 'HENG_2.4GHz' expected 'WPA2' but found 'WPA3-Personal'. (SSID: HENG_2.4GHz, MAC: 6c442a7e7fc0)
2026-03-11 18:10:09,140 - WiFiDetector - ERROR - [CRITICAL] CHANNEL_HIJACK: CHANNEL_COLLISION: High-power overlap on Ch 8 for 'HENG_2.4GHz'. Trusted AP is being masked by an unknown device. (SSID: HENG_2.4GHz, MAC: 0ed68fbeb38f)
2026-03-11 18:10:09,140 - WiFiDetector - ERROR - [CRITICAL] WHITELIST_BREACH: BLOCK: Unauthorized Generic Vendor device hijacking secure SSID 'HENG_2.4GHz'. (SSID: HENG_2.4GHz, MAC: 0ed68fbeb38f)
2026-03-11 18:10:09,141 - WiFiDetector - ERROR - [CRITICAL] ENCRYPTION_VIOLATION: SEC_POLICY_FAILURE: Whitelisted SSID 'HENG_2.4GHz' expected 'WPA2' but found 'WPA3-Personal'. (SSID: HENG_2.4GHz, MAC: 0ed68fbeb38f)
2026-03-11 19:28:28,446 - WiFiDetector - INFO - System Shutdown.
2026-03-11 19:28:30,183 - WiFiDetector - INFO - Universal Cyber SOC Monitor started.
2026-03-11 23:24:11,040 - WiFiDetector - INFO - Universal Cyber SOC Monitor started.
2026-03-11 23:34:04,950 - WiFiDetector - INFO - System Shutdown.
2026-03-12 00:34:34,540 - WiFiDetector - INFO - Universal Cyber SOC Monitor started.
2026-03-12 00:41:58,410 - WiFiDetector - INFO - System Shutdown.
2026-03-12 00:42:00,013 - WiFiDetector - INFO - Universal Cyber SOC Monitor started.
2026-03-12 00:49:39,113 - WiFiDetector - INFO - System Shutdown.
